<annotation>
	<folder>data_damage_types</folder>
	<filename>img_1 (363).jpg</filename>
	<path>C:\IIT\FYP\DataSet\data_damage_types\img_1 (363).jpg</path>
	<source>
		<database>Unknown</database>
	</source>
	<size>
		<width>756</width>
		<height>1600</height>
		<depth>3</depth>
	</size>
	<segmented>0</segmented>
	<object>
		<name>dented</name>
		<pose>Unspecified</pose>
		<truncated>0</truncated>
		<difficult>0</difficult>
		<bndbox>
			<xmin>188</xmin>
			<ymin>542</ymin>
			<xmax>405</xmax>
			<ymax>689</ymax>
		</bndbox>
	</object>
	<object>
		<name>dented</name>
		<pose>Unspecified</pose>
		<truncated>0</truncated>
		<difficult>0</difficult>
		<bndbox>
			<xmin>522</xmin>
			<ymin>562</ymin>
			<xmax>681</xmax>
			<ymax>606</ymax>
		</bndbox>
	</object>
	<object>
		<name>dented</name>
		<pose>Unspecified</pose>
		<truncated>0</truncated>
		<difficult>0</difficult>
		<bndbox>
			<xmin>432</xmin>
			<ymin>713</ymin>
			<xmax>703</xmax>
			<ymax>882</ymax>
		</bndbox>
	</object>
	<object>
		<name>dented</name>
		<pose>Unspecified</pose>
		<truncated>0</truncated>
		<difficult>0</difficult>
		<bndbox>
			<xmin>184</xmin>
			<ymin>772</ymin>
			<xmax>381</xmax>
			<ymax>893</ymax>
		</bndbox>
	</object>
</annotation>
