<annotation>
	<folder>all_images_2</folder>
	<filename>img_1 (116).jpg</filename>
	<path>C:\DATASET\all_images_2\img_1 (116).jpg</path>
	<source>
		<database>Unknown</database>
	</source>
	<size>
		<width>780</width>
		<height>1040</height>
		<depth>3</depth>
	</size>
	<segmented>0</segmented>
	<object>
		<name>bulged</name>
		<pose>Unspecified</pose>
		<truncated>0</truncated>
		<difficult>0</difficult>
		<bndbox>
			<xmin>306</xmin>
			<ymin>291</ymin>
			<xmax>411</xmax>
			<ymax>586</ymax>
		</bndbox>
	</object>
	<object>
		<name>rust</name>
		<pose>Unspecified</pose>
		<truncated>0</truncated>
		<difficult>0</difficult>
		<bndbox>
			<xmin>255</xmin>
			<ymin>742</ymin>
			<xmax>348</xmax>
			<ymax>804</ymax>
		</bndbox>
	</object>
</annotation>
