<annotation>
	<folder>all_images_2</folder>
	<filename>img_1 (121).jpg</filename>
	<path>C:\DATASET\all_images_2\img_1 (121).jpg</path>
	<source>
		<database>Unknown</database>
	</source>
	<size>
		<width>1024</width>
		<height>768</height>
		<depth>3</depth>
	</size>
	<segmented>0</segmented>
	<object>
		<name>cut</name>
		<pose>Unspecified</pose>
		<truncated>0</truncated>
		<difficult>0</difficult>
		<bndbox>
			<xmin>408</xmin>
			<ymin>99</ymin>
			<xmax>677</xmax>
			<ymax>255</ymax>
		</bndbox>
	</object>
</annotation>
