<annotation>
	<folder>data_damage_types</folder>
	<filename>img_1 (230).jpg</filename>
	<path>C:\IIT\FYP\DataSet\data_damage_types\img_1 (230).jpg</path>
	<source>
		<database>Unknown</database>
	</source>
	<size>
		<width>1280</width>
		<height>960</height>
		<depth>3</depth>
	</size>
	<segmented>0</segmented>
	<object>
		<name>cut</name>
		<pose>Unspecified</pose>
		<truncated>0</truncated>
		<difficult>0</difficult>
		<bndbox>
			<xmin>232</xmin>
			<ymin>442</ymin>
			<xmax>557</xmax>
			<ymax>672</ymax>
		</bndbox>
	</object>
	<object>
		<name>cut</name>
		<pose>Unspecified</pose>
		<truncated>0</truncated>
		<difficult>0</difficult>
		<bndbox>
			<xmin>175</xmin>
			<ymin>155</ymin>
			<xmax>715</xmax>
			<ymax>431</ymax>
		</bndbox>
	</object>
</annotation>
