<annotation>
	<folder>data_damage_types</folder>
	<filename>img_1 (237).jpg</filename>
	<path>C:\IIT\FYP\DataSet\data_damage_types\img_1 (237).jpg</path>
	<source>
		<database>Unknown</database>
	</source>
	<size>
		<width>1204</width>
		<height>936</height>
		<depth>3</depth>
	</size>
	<segmented>0</segmented>
	<object>
		<name>dented</name>
		<pose>Unspecified</pose>
		<truncated>0</truncated>
		<difficult>0</difficult>
		<bndbox>
			<xmin>401</xmin>
			<ymin>326</ymin>
			<xmax>465</xmax>
			<ymax>382</ymax>
		</bndbox>
	</object>
	<object>
		<name>dented</name>
		<pose>Unspecified</pose>
		<truncated>0</truncated>
		<difficult>0</difficult>
		<bndbox>
			<xmin>528</xmin>
			<ymin>387</ymin>
			<xmax>705</xmax>
			<ymax>566</ymax>
		</bndbox>
	</object>
	<object>
		<name>dented</name>
		<pose>Unspecified</pose>
		<truncated>0</truncated>
		<difficult>0</difficult>
		<bndbox>
			<xmin>638</xmin>
			<ymin>731</ymin>
			<xmax>952</xmax>
			<ymax>816</ymax>
		</bndbox>
	</object>
	<object>
		<name>dented</name>
		<pose>Unspecified</pose>
		<truncated>0</truncated>
		<difficult>0</difficult>
		<bndbox>
			<xmin>747</xmin>
			<ymin>479</ymin>
			<xmax>840</xmax>
			<ymax>620</ymax>
		</bndbox>
	</object>
</annotation>
