<annotation>
	<folder>data_damage_types</folder>
	<filename>img_1 (228).jpg</filename>
	<path>C:\IIT\FYP\DataSet\data_damage_types\img_1 (228).jpg</path>
	<source>
		<database>Unknown</database>
	</source>
	<size>
		<width>575</width>
		<height>1280</height>
		<depth>3</depth>
	</size>
	<segmented>0</segmented>
	<object>
		<name>dented</name>
		<pose>Unspecified</pose>
		<truncated>0</truncated>
		<difficult>0</difficult>
		<bndbox>
			<xmin>23</xmin>
			<ymin>371</ymin>
			<xmax>478</xmax>
			<ymax>919</ymax>
		</bndbox>
	</object>
</annotation>
