<annotation>
	<folder>data_damage_types</folder>
	<filename>img_1 (274).jpg</filename>
	<path>C:\IIT\FYP\DataSet\data_damage_types\img_1 (274).jpg</path>
	<source>
		<database>Unknown</database>
	</source>
	<size>
		<width>960</width>
		<height>1280</height>
		<depth>3</depth>
	</size>
	<segmented>0</segmented>
	<object>
		<name>bulged</name>
		<pose>Unspecified</pose>
		<truncated>0</truncated>
		<difficult>0</difficult>
		<bndbox>
			<xmin>110</xmin>
			<ymin>802</ymin>
			<xmax>192</xmax>
			<ymax>861</ymax>
		</bndbox>
	</object>
	<object>
		<name>bulged</name>
		<pose>Unspecified</pose>
		<truncated>0</truncated>
		<difficult>0</difficult>
		<bndbox>
			<xmin>182</xmin>
			<ymin>459</ymin>
			<xmax>240</xmax>
			<ymax>493</ymax>
		</bndbox>
	</object>
</annotation>
