<annotation>
	<folder>data_damage_types</folder>
	<filename>img_1 (323).jpg</filename>
	<path>C:\IIT\FYP\DataSet\data_damage_types\img_1 (323).jpg</path>
	<source>
		<database>Unknown</database>
	</source>
	<size>
		<width>1200</width>
		<height>1600</height>
		<depth>3</depth>
	</size>
	<segmented>0</segmented>
	<object>
		<name>bulged</name>
		<pose>Unspecified</pose>
		<truncated>0</truncated>
		<difficult>0</difficult>
		<bndbox>
			<xmin>516</xmin>
			<ymin>327</ymin>
			<xmax>808</xmax>
			<ymax>779</ymax>
		</bndbox>
	</object>
	<object>
		<name>dented</name>
		<pose>Unspecified</pose>
		<truncated>0</truncated>
		<difficult>0</difficult>
		<bndbox>
			<xmin>438</xmin>
			<ymin>388</ymin>
			<xmax>542</xmax>
			<ymax>510</ymax>
		</bndbox>
	</object>
	<object>
		<name>dented</name>
		<pose>Unspecified</pose>
		<truncated>0</truncated>
		<difficult>0</difficult>
		<bndbox>
			<xmin>40</xmin>
			<ymin>857</ymin>
			<xmax>155</xmax>
			<ymax>1043</ymax>
		</bndbox>
	</object>
	<object>
		<name>dented</name>
		<pose>Unspecified</pose>
		<truncated>0</truncated>
		<difficult>0</difficult>
		<bndbox>
			<xmin>420</xmin>
			<ymin>996</ymin>
			<xmax>774</xmax>
			<ymax>1228</ymax>
		</bndbox>
	</object>
	<object>
		<name>dented</name>
		<pose>Unspecified</pose>
		<truncated>0</truncated>
		<difficult>0</difficult>
		<bndbox>
			<xmin>52</xmin>
			<ymin>1149</ymin>
			<xmax>308</xmax>
			<ymax>1235</ymax>
		</bndbox>
	</object>
</annotation>
