<annotation>
	<folder>all_images_2</folder>
	<filename>img_1 (188).jpg</filename>
	<path>C:\DATASET\all_images_2\img_1 (188).jpg</path>
	<source>
		<database>Unknown</database>
	</source>
	<size>
		<width>1170</width>
		<height>2080</height>
		<depth>3</depth>
	</size>
	<segmented>0</segmented>
	<object>
		<name>rust</name>
		<pose>Unspecified</pose>
		<truncated>0</truncated>
		<difficult>0</difficult>
		<bndbox>
			<xmin>187</xmin>
			<ymin>1187</ymin>
			<xmax>965</xmax>
			<ymax>1450</ymax>
		</bndbox>
	</object>
	<object>
		<name>rust</name>
		<pose>Unspecified</pose>
		<truncated>0</truncated>
		<difficult>0</difficult>
		<bndbox>
			<xmin>974</xmin>
			<ymin>380</ymin>
			<xmax>1128</xmax>
			<ymax>1424</ymax>
		</bndbox>
	</object>
</annotation>
