<annotation>
	<folder>data_damage_types</folder>
	<filename>img_1 (420).jpg</filename>
	<path>C:\IIT\FYP\DataSet\data_damage_types\img_1 (420).jpg</path>
	<source>
		<database>Unknown</database>
	</source>
	<size>
		<width>963</width>
		<height>1280</height>
		<depth>3</depth>
	</size>
	<segmented>0</segmented>
	<object>
		<name>bulged</name>
		<pose>Unspecified</pose>
		<truncated>0</truncated>
		<difficult>0</difficult>
		<bndbox>
			<xmin>456</xmin>
			<ymin>144</ymin>
			<xmax>761</xmax>
			<ymax>473</ymax>
		</bndbox>
	</object>
	<object>
		<name>bulged</name>
		<pose>Unspecified</pose>
		<truncated>0</truncated>
		<difficult>0</difficult>
		<bndbox>
			<xmin>810</xmin>
			<ymin>203</ymin>
			<xmax>962</xmax>
			<ymax>431</ymax>
		</bndbox>
	</object>
</annotation>
