<annotation>
	<folder>all_images_2</folder>
	<filename>img_1 (185).jpg</filename>
	<path>C:\DATASET\all_images_2\img_1 (185).jpg</path>
	<source>
		<database>Unknown</database>
	</source>
	<size>
		<width>1170</width>
		<height>2080</height>
		<depth>3</depth>
	</size>
	<segmented>0</segmented>
	<object>
		<name>dented</name>
		<pose>Unspecified</pose>
		<truncated>0</truncated>
		<difficult>0</difficult>
		<bndbox>
			<xmin>265</xmin>
			<ymin>961</ymin>
			<xmax>526</xmax>
			<ymax>1095</ymax>
		</bndbox>
	</object>
	<object>
		<name>dented</name>
		<pose>Unspecified</pose>
		<truncated>0</truncated>
		<difficult>0</difficult>
		<bndbox>
			<xmin>778</xmin>
			<ymin>882</ymin>
			<xmax>863</xmax>
			<ymax>967</ymax>
		</bndbox>
	</object>
</annotation>
