<annotation>
	<folder>data_damage_types</folder>
	<filename>img_1 (244).jpg</filename>
	<path>C:\IIT\FYP\DataSet\data_damage_types\img_1 (244).jpg</path>
	<source>
		<database>Unknown</database>
	</source>
	<size>
		<width>1600</width>
		<height>1200</height>
		<depth>3</depth>
	</size>
	<segmented>0</segmented>
	<object>
		<name>cut</name>
		<pose>Unspecified</pose>
		<truncated>0</truncated>
		<difficult>0</difficult>
		<bndbox>
			<xmin>580</xmin>
			<ymin>246</ymin>
			<xmax>1029</xmax>
			<ymax>823</ymax>
		</bndbox>
	</object>
	<object>
		<name>cut</name>
		<pose>Unspecified</pose>
		<truncated>0</truncated>
		<difficult>0</difficult>
		<bndbox>
			<xmin>138</xmin>
			<ymin>471</ymin>
			<xmax>250</xmax>
			<ymax>620</ymax>
		</bndbox>
	</object>
	<object>
		<name>dented</name>
		<pose>Unspecified</pose>
		<truncated>0</truncated>
		<difficult>0</difficult>
		<bndbox>
			<xmin>1272</xmin>
			<ymin>818</ymin>
			<xmax>1558</xmax>
			<ymax>1072</ymax>
		</bndbox>
	</object>
	<object>
		<name>dented</name>
		<pose>Unspecified</pose>
		<truncated>0</truncated>
		<difficult>0</difficult>
		<bndbox>
			<xmin>139</xmin>
			<ymin>739</ymin>
			<xmax>1069</xmax>
			<ymax>1061</ymax>
		</bndbox>
	</object>
</annotation>
