<annotation>
	<folder>all_images_2</folder>
	<filename>img_1 (167).jpg</filename>
	<path>C:\DATASET\all_images_2\img_1 (167).jpg</path>
	<source>
		<database>Unknown</database>
	</source>
	<size>
		<width>1170</width>
		<height>2080</height>
		<depth>3</depth>
	</size>
	<segmented>0</segmented>
	<object>
		<name>cut</name>
		<pose>Unspecified</pose>
		<truncated>0</truncated>
		<difficult>0</difficult>
		<bndbox>
			<xmin>835</xmin>
			<ymin>50</ymin>
			<xmax>1015</xmax>
			<ymax>365</ymax>
		</bndbox>
	</object>
</annotation>
