<annotation>
	<folder>all_images_2</folder>
	<filename>img_1 (166).jpg</filename>
	<path>C:\DATASET\all_images_2\img_1 (166).jpg</path>
	<source>
		<database>Unknown</database>
	</source>
	<size>
		<width>2592</width>
		<height>1458</height>
		<depth>3</depth>
	</size>
	<segmented>0</segmented>
	<object>
		<name>dented</name>
		<pose>Unspecified</pose>
		<truncated>0</truncated>
		<difficult>0</difficult>
		<bndbox>
			<xmin>172</xmin>
			<ymin>236</ymin>
			<xmax>1344</xmax>
			<ymax>422</ymax>
		</bndbox>
	</object>
	<object>
		<name>dented</name>
		<pose>Unspecified</pose>
		<truncated>0</truncated>
		<difficult>0</difficult>
		<bndbox>
			<xmin>493</xmin>
			<ymin>666</ymin>
			<xmax>1016</xmax>
			<ymax>871</ymax>
		</bndbox>
	</object>
	<object>
		<name>dented</name>
		<pose>Unspecified</pose>
		<truncated>0</truncated>
		<difficult>0</difficult>
		<bndbox>
			<xmin>277</xmin>
			<ymin>1018</ymin>
			<xmax>658</xmax>
			<ymax>1101</ymax>
		</bndbox>
	</object>
	<object>
		<name>dented</name>
		<pose>Unspecified</pose>
		<truncated>0</truncated>
		<difficult>0</difficult>
		<bndbox>
			<xmin>1142</xmin>
			<ymin>680</ymin>
			<xmax>1530</xmax>
			<ymax>827</ymax>
		</bndbox>
	</object>
</annotation>
