<annotation>
	<folder>all_images_2</folder>
	<filename>img_1 (184).jpg</filename>
	<path>C:\DATASET\all_images_2\img_1 (184).jpg</path>
	<source>
		<database>Unknown</database>
	</source>
	<size>
		<width>1170</width>
		<height>2080</height>
		<depth>3</depth>
	</size>
	<segmented>0</segmented>
	<object>
		<name>dented</name>
		<pose>Unspecified</pose>
		<truncated>0</truncated>
		<difficult>0</difficult>
		<bndbox>
			<xmin>311</xmin>
			<ymin>721</ymin>
			<xmax>411</xmax>
			<ymax>863</ymax>
		</bndbox>
	</object>
	<object>
		<name>rust</name>
		<pose>Unspecified</pose>
		<truncated>0</truncated>
		<difficult>0</difficult>
		<bndbox>
			<xmin>109</xmin>
			<ymin>869</ymin>
			<xmax>235</xmax>
			<ymax>1028</ymax>
		</bndbox>
	</object>
</annotation>
