<annotation>
	<folder>data_damage_types</folder>
	<filename>img_1 (285).jpg</filename>
	<path>C:\IIT\FYP\DataSet\data_damage_types\img_1 (285).jpg</path>
	<source>
		<database>Unknown</database>
	</source>
	<size>
		<width>960</width>
		<height>1280</height>
		<depth>3</depth>
	</size>
	<segmented>0</segmented>
	<object>
		<name>bulged</name>
		<pose>Unspecified</pose>
		<truncated>0</truncated>
		<difficult>0</difficult>
		<bndbox>
			<xmin>529</xmin>
			<ymin>760</ymin>
			<xmax>707</xmax>
			<ymax>870</ymax>
		</bndbox>
	</object>
	<object>
		<name>dented</name>
		<pose>Unspecified</pose>
		<truncated>0</truncated>
		<difficult>0</difficult>
		<bndbox>
			<xmin>30</xmin>
			<ymin>433</ymin>
			<xmax>373</xmax>
			<ymax>885</ymax>
		</bndbox>
	</object>
</annotation>
