<annotation>
	<folder>data_damage_types</folder>
	<filename>img_1 (314).jpg</filename>
	<path>C:\IIT\FYP\DataSet\data_damage_types\img_1 (314).jpg</path>
	<source>
		<database>Unknown</database>
	</source>
	<size>
		<width>1600</width>
		<height>901</height>
		<depth>3</depth>
	</size>
	<segmented>0</segmented>
	<object>
		<name>cut</name>
		<pose>Unspecified</pose>
		<truncated>0</truncated>
		<difficult>0</difficult>
		<bndbox>
			<xmin>995</xmin>
			<ymin>663</ymin>
			<xmax>1115</xmax>
			<ymax>762</ymax>
		</bndbox>
	</object>
	<object>
		<name>cut</name>
		<pose>Unspecified</pose>
		<truncated>0</truncated>
		<difficult>0</difficult>
		<bndbox>
			<xmin>2</xmin>
			<ymin>623</ymin>
			<xmax>125</xmax>
			<ymax>731</ymax>
		</bndbox>
	</object>
	<object>
		<name>dented</name>
		<pose>Unspecified</pose>
		<truncated>0</truncated>
		<difficult>0</difficult>
		<bndbox>
			<xmin>317</xmin>
			<ymin>358</ymin>
			<xmax>1150</xmax>
			<ymax>575</ymax>
		</bndbox>
	</object>
</annotation>
