<annotation>
	<folder>data_damage_types</folder>
	<filename>img_1 (280).jpg</filename>
	<path>C:\IIT\FYP\DataSet\data_damage_types\img_1 (280).jpg</path>
	<source>
		<database>Unknown</database>
	</source>
	<size>
		<width>1032</width>
		<height>488</height>
		<depth>3</depth>
	</size>
	<segmented>0</segmented>
	<object>
		<name>dented</name>
		<pose>Unspecified</pose>
		<truncated>0</truncated>
		<difficult>0</difficult>
		<bndbox>
			<xmin>11</xmin>
			<ymin>325</ymin>
			<xmax>119</xmax>
			<ymax>403</ymax>
		</bndbox>
	</object>
</annotation>
