<annotation>
	<folder>all_images_2</folder>
	<filename>img_1 (183).jpg</filename>
	<path>C:\DATASET\all_images_2\img_1 (183).jpg</path>
	<source>
		<database>Unknown</database>
	</source>
	<size>
		<width>1170</width>
		<height>2080</height>
		<depth>3</depth>
	</size>
	<segmented>0</segmented>
	<object>
		<name>dented</name>
		<pose>Unspecified</pose>
		<truncated>0</truncated>
		<difficult>0</difficult>
		<bndbox>
			<xmin>57</xmin>
			<ymin>517</ymin>
			<xmax>307</xmax>
			<ymax>671</ymax>
		</bndbox>
	</object>
</annotation>
