<annotation>
	<folder>data_damage_types</folder>
	<filename>img_1 (298).jpg</filename>
	<path>C:\IIT\FYP\DataSet\data_damage_types\img_1 (298).jpg</path>
	<source>
		<database>Unknown</database>
	</source>
	<size>
		<width>900</width>
		<height>1600</height>
		<depth>3</depth>
	</size>
	<segmented>0</segmented>
	<object>
		<name>dented</name>
		<pose>Unspecified</pose>
		<truncated>0</truncated>
		<difficult>0</difficult>
		<bndbox>
			<xmin>174</xmin>
			<ymin>772</ymin>
			<xmax>239</xmax>
			<ymax>971</ymax>
		</bndbox>
	</object>
	<object>
		<name>rust</name>
		<pose>Unspecified</pose>
		<truncated>0</truncated>
		<difficult>0</difficult>
		<bndbox>
			<xmin>514</xmin>
			<ymin>839</ymin>
			<xmax>763</xmax>
			<ymax>941</ymax>
		</bndbox>
	</object>
</annotation>
