<annotation>
	<folder>data_damage_types</folder>
	<filename>img_1 (236).jpg</filename>
	<path>C:\IIT\FYP\DataSet\data_damage_types\img_1 (236).jpg</path>
	<source>
		<database>Unknown</database>
	</source>
	<size>
		<width>1280</width>
		<height>963</height>
		<depth>3</depth>
	</size>
	<segmented>0</segmented>
	<object>
		<name>bulged</name>
		<pose>Unspecified</pose>
		<truncated>0</truncated>
		<difficult>0</difficult>
		<bndbox>
			<xmin>479</xmin>
			<ymin>616</ymin>
			<xmax>818</xmax>
			<ymax>745</ymax>
		</bndbox>
	</object>
	<object>
		<name>dented</name>
		<pose>Unspecified</pose>
		<truncated>0</truncated>
		<difficult>0</difficult>
		<bndbox>
			<xmin>134</xmin>
			<ymin>333</ymin>
			<xmax>570</xmax>
			<ymax>511</ymax>
		</bndbox>
	</object>
	<object>
		<name>dented</name>
		<pose>Unspecified</pose>
		<truncated>0</truncated>
		<difficult>0</difficult>
		<bndbox>
			<xmin>911</xmin>
			<ymin>653</ymin>
			<xmax>1258</xmax>
			<ymax>726</ymax>
		</bndbox>
	</object>
</annotation>
