<annotation>
	<folder>all_images_2</folder>
	<filename>img_1 (111).jpg</filename>
	<path>C:\DATASET\all_images_2\img_1 (111).jpg</path>
	<source>
		<database>Unknown</database>
	</source>
	<size>
		<width>720</width>
		<height>1280</height>
		<depth>3</depth>
	</size>
	<segmented>0</segmented>
	<object>
		<name>dented</name>
		<pose>Unspecified</pose>
		<truncated>0</truncated>
		<difficult>0</difficult>
		<bndbox>
			<xmin>350</xmin>
			<ymin>292</ymin>
			<xmax>540</xmax>
			<ymax>869</ymax>
		</bndbox>
	</object>
</annotation>
