<annotation>
	<folder>data_damage_types</folder>
	<filename>img_1 (334).jpg</filename>
	<path>C:\IIT\FYP\DataSet\data_damage_types\img_1 (334).jpg</path>
	<source>
		<database>Unknown</database>
	</source>
	<size>
		<width>1200</width>
		<height>1600</height>
		<depth>3</depth>
	</size>
	<segmented>0</segmented>
	<object>
		<name>cut</name>
		<pose>Unspecified</pose>
		<truncated>0</truncated>
		<difficult>0</difficult>
		<bndbox>
			<xmin>301</xmin>
			<ymin>1133</ymin>
			<xmax>983</xmax>
			<ymax>1454</ymax>
		</bndbox>
	</object>
	<object>
		<name>cut</name>
		<pose>Unspecified</pose>
		<truncated>0</truncated>
		<difficult>0</difficult>
		<bndbox>
			<xmin>22</xmin>
			<ymin>86</ymin>
			<xmax>940</xmax>
			<ymax>381</ymax>
		</bndbox>
	</object>
</annotation>
