<annotation>
	<folder>data_damage_types</folder>
	<filename>img_1 (269).jpg</filename>
	<path>C:\IIT\FYP\DataSet\data_damage_types\img_1 (269).jpg</path>
	<source>
		<database>Unknown</database>
	</source>
	<size>
		<width>799</width>
		<height>1599</height>
		<depth>3</depth>
	</size>
	<segmented>0</segmented>
	<object>
		<name>cut</name>
		<pose>Unspecified</pose>
		<truncated>0</truncated>
		<difficult>0</difficult>
		<bndbox>
			<xmin>708</xmin>
			<ymin>633</ymin>
			<xmax>794</xmax>
			<ymax>753</ymax>
		</bndbox>
	</object>
</annotation>
