<annotation>
	<folder>data_damage_types</folder>
	<filename>img_1 (243).jpg</filename>
	<path>C:\IIT\FYP\DataSet\data_damage_types\img_1 (243).jpg</path>
	<source>
		<database>Unknown</database>
	</source>
	<size>
		<width>1600</width>
		<height>1200</height>
		<depth>3</depth>
	</size>
	<segmented>0</segmented>
	<object>
		<name>cut</name>
		<pose>Unspecified</pose>
		<truncated>0</truncated>
		<difficult>0</difficult>
		<bndbox>
			<xmin>705</xmin>
			<ymin>216</ymin>
			<xmax>962</xmax>
			<ymax>654</ymax>
		</bndbox>
	</object>
	<object>
		<name>cut</name>
		<pose>Unspecified</pose>
		<truncated>0</truncated>
		<difficult>0</difficult>
		<bndbox>
			<xmin>346</xmin>
			<ymin>411</ymin>
			<xmax>456</xmax>
			<ymax>515</ymax>
		</bndbox>
	</object>
	<object>
		<name>dented</name>
		<pose>Unspecified</pose>
		<truncated>0</truncated>
		<difficult>0</difficult>
		<bndbox>
			<xmin>1074</xmin>
			<ymin>611</ymin>
			<xmax>1405</xmax>
			<ymax>799</ymax>
		</bndbox>
	</object>
	<object>
		<name>dented</name>
		<pose>Unspecified</pose>
		<truncated>0</truncated>
		<difficult>0</difficult>
		<bndbox>
			<xmin>218</xmin>
			<ymin>611</ymin>
			<xmax>955</xmax>
			<ymax>857</ymax>
		</bndbox>
	</object>
</annotation>
