<annotation>
	<folder>all_images_2</folder>
	<filename>img_1 (139).jpg</filename>
	<path>C:\DATASET\all_images_2\img_1 (139).jpg</path>
	<source>
		<database>Unknown</database>
	</source>
	<size>
		<width>1024</width>
		<height>768</height>
		<depth>3</depth>
	</size>
	<segmented>0</segmented>
	<object>
		<name>dented</name>
		<pose>Unspecified</pose>
		<truncated>0</truncated>
		<difficult>0</difficult>
		<bndbox>
			<xmin>358</xmin>
			<ymin>177</ymin>
			<xmax>740</xmax>
			<ymax>469</ymax>
		</bndbox>
	</object>
</annotation>
