<annotation>
	<folder>data_damage_types</folder>
	<filename>img_1 (331).jpg</filename>
	<path>C:\IIT\FYP\DataSet\data_damage_types\img_1 (331).jpg</path>
	<source>
		<database>Unknown</database>
	</source>
	<size>
		<width>1600</width>
		<height>1200</height>
		<depth>3</depth>
	</size>
	<segmented>0</segmented>
	<object>
		<name>bulged</name>
		<pose>Unspecified</pose>
		<truncated>0</truncated>
		<difficult>0</difficult>
		<bndbox>
			<xmin>992</xmin>
			<ymin>141</ymin>
			<xmax>1299</xmax>
			<ymax>750</ymax>
		</bndbox>
	</object>
</annotation>
