<annotation>
	<folder>all_images_2</folder>
	<filename>img_1 (149).jpg</filename>
	<path>C:\DATASET\all_images_2\img_1 (149).jpg</path>
	<source>
		<database>Unknown</database>
	</source>
	<size>
		<width>1500</width>
		<height>2000</height>
		<depth>3</depth>
	</size>
	<segmented>0</segmented>
	<object>
		<name>rust</name>
		<pose>Unspecified</pose>
		<truncated>0</truncated>
		<difficult>0</difficult>
		<bndbox>
			<xmin>1179</xmin>
			<ymin>927</ymin>
			<xmax>1358</xmax>
			<ymax>1696</ymax>
		</bndbox>
	</object>
	<object>
		<name>rust</name>
		<pose>Unspecified</pose>
		<truncated>0</truncated>
		<difficult>0</difficult>
		<bndbox>
			<xmin>1016</xmin>
			<ymin>46</ymin>
			<xmax>1124</xmax>
			<ymax>1702</ymax>
		</bndbox>
	</object>
</annotation>
