<annotation>
	<folder>all_images_2</folder>
	<filename>img_1 (144).jpg</filename>
	<path>C:\DATASET\all_images_2\img_1 (144).jpg</path>
	<source>
		<database>Unknown</database>
	</source>
	<size>
		<width>2080</width>
		<height>1560</height>
		<depth>3</depth>
	</size>
	<segmented>0</segmented>
	<object>
		<name>cut</name>
		<pose>Unspecified</pose>
		<truncated>0</truncated>
		<difficult>0</difficult>
		<bndbox>
			<xmin>784</xmin>
			<ymin>619</ymin>
			<xmax>1130</xmax>
			<ymax>764</ymax>
		</bndbox>
	</object>
	<object>
		<name>rust</name>
		<pose>Unspecified</pose>
		<truncated>0</truncated>
		<difficult>0</difficult>
		<bndbox>
			<xmin>573</xmin>
			<ymin>810</ymin>
			<xmax>903</xmax>
			<ymax>1264</ymax>
		</bndbox>
	</object>
</annotation>
