<annotation>
	<folder>all_images_2</folder>
	<filename>img_1 (134).jpg</filename>
	<path>C:\DATASET\all_images_2\img_1 (134).jpg</path>
	<source>
		<database>Unknown</database>
	</source>
	<size>
		<width>1600</width>
		<height>1201</height>
		<depth>3</depth>
	</size>
	<segmented>0</segmented>
	<object>
		<name>hole</name>
		<pose>Unspecified</pose>
		<truncated>0</truncated>
		<difficult>0</difficult>
		<bndbox>
			<xmin>180</xmin>
			<ymin>499</ymin>
			<xmax>244</xmax>
			<ymax>523</ymax>
		</bndbox>
	</object>
</annotation>
