<annotation>
	<folder>data_damage_types</folder>
	<filename>img_1 (393).jpg</filename>
	<path>C:\IIT\FYP\DataSet\data_damage_types\img_1 (393).jpg</path>
	<source>
		<database>Unknown</database>
	</source>
	<size>
		<width>1600</width>
		<height>901</height>
		<depth>3</depth>
	</size>
	<segmented>0</segmented>
	<object>
		<name>dented</name>
		<pose>Unspecified</pose>
		<truncated>0</truncated>
		<difficult>0</difficult>
		<bndbox>
			<xmin>126</xmin>
			<ymin>540</ymin>
			<xmax>276</xmax>
			<ymax>695</ymax>
		</bndbox>
	</object>
	<object>
		<name>dented</name>
		<pose>Unspecified</pose>
		<truncated>0</truncated>
		<difficult>0</difficult>
		<bndbox>
			<xmin>436</xmin>
			<ymin>485</ymin>
			<xmax>627</xmax>
			<ymax>585</ymax>
		</bndbox>
	</object>
</annotation>
