<annotation>
	<folder>all_images_2</folder>
	<filename>img_1 (157).jpg</filename>
	<path>C:\DATASET\all_images_2\img_1 (157).jpg</path>
	<source>
		<database>Unknown</database>
	</source>
	<size>
		<width>1170</width>
		<height>2080</height>
		<depth>3</depth>
	</size>
	<segmented>0</segmented>
	<object>
		<name>hole</name>
		<pose>Unspecified</pose>
		<truncated>0</truncated>
		<difficult>0</difficult>
		<bndbox>
			<xmin>568</xmin>
			<ymin>1424</ymin>
			<xmax>981</xmax>
			<ymax>1708</ymax>
		</bndbox>
	</object>
	<object>
		<name>hole</name>
		<pose>Unspecified</pose>
		<truncated>0</truncated>
		<difficult>0</difficult>
		<bndbox>
			<xmin>341</xmin>
			<ymin>1176</ymin>
			<xmax>487</xmax>
			<ymax>1367</ymax>
		</bndbox>
	</object>
</annotation>
