<annotation>
	<folder>data_damage_types</folder>
	<filename>img_1 (413).jpg</filename>
	<path>C:\IIT\FYP\DataSet\data_damage_types\img_1 (413).jpg</path>
	<source>
		<database>Unknown</database>
	</source>
	<size>
		<width>1040</width>
		<height>780</height>
		<depth>3</depth>
	</size>
	<segmented>0</segmented>
	<object>
		<name>dented</name>
		<pose>Unspecified</pose>
		<truncated>0</truncated>
		<difficult>0</difficult>
		<bndbox>
			<xmin>723</xmin>
			<ymin>297</ymin>
			<xmax>806</xmax>
			<ymax>381</ymax>
		</bndbox>
	</object>
</annotation>
