<annotation>
	<folder>all_images_2</folder>
	<filename>img_1 (201).jpg</filename>
	<path>C:\DATASET\all_images_2\img_1 (201).jpg</path>
	<source>
		<database>Unknown</database>
	</source>
	<size>
		<width>1040</width>
		<height>780</height>
		<depth>3</depth>
	</size>
	<segmented>0</segmented>
	<object>
		<name>dented</name>
		<pose>Unspecified</pose>
		<truncated>0</truncated>
		<difficult>0</difficult>
		<bndbox>
			<xmin>633</xmin>
			<ymin>195</ymin>
			<xmax>1031</xmax>
			<ymax>505</ymax>
		</bndbox>
	</object>
	<object>
		<name>rust</name>
		<pose>Unspecified</pose>
		<truncated>1</truncated>
		<difficult>0</difficult>
		<bndbox>
			<xmin>824</xmin>
			<ymin>565</ymin>
			<xmax>1040</xmax>
			<ymax>695</ymax>
		</bndbox>
	</object>
</annotation>
