<annotation>
	<folder>all_images_2</folder>
	<filename>img_1 (26).jpg</filename>
	<path>C:\DATASET\all_images_2\img_1 (26).jpg</path>
	<source>
		<database>Unknown</database>
	</source>
	<size>
		<width>768</width>
		<height>1024</height>
		<depth>3</depth>
	</size>
	<segmented>0</segmented>
	<object>
		<name>dented</name>
		<pose>Unspecified</pose>
		<truncated>0</truncated>
		<difficult>0</difficult>
		<bndbox>
			<xmin>524</xmin>
			<ymin>818</ymin>
			<xmax>627</xmax>
			<ymax>929</ymax>
		</bndbox>
	</object>
	<object>
		<name>rust</name>
		<pose>Unspecified</pose>
		<truncated>0</truncated>
		<difficult>0</difficult>
		<bndbox>
			<xmin>450</xmin>
			<ymin>663</ymin>
			<xmax>497</xmax>
			<ymax>859</ymax>
		</bndbox>
	</object>
	<object>
		<name>rust</name>
		<pose>Unspecified</pose>
		<truncated>0</truncated>
		<difficult>0</difficult>
		<bndbox>
			<xmin>43</xmin>
			<ymin>848</ymin>
			<xmax>85</xmax>
			<ymax>910</ymax>
		</bndbox>
	</object>
</annotation>
