<annotation>
	<folder>all_images_2</folder>
	<filename>img_1 (35).jpg</filename>
	<path>C:\DATASET\all_images_2\img_1 (35).jpg</path>
	<source>
		<database>Unknown</database>
	</source>
	<size>
		<width>721</width>
		<height>1600</height>
		<depth>3</depth>
	</size>
	<segmented>0</segmented>
	<object>
		<name>bulged</name>
		<pose>Unspecified</pose>
		<truncated>0</truncated>
		<difficult>0</difficult>
		<bndbox>
			<xmin>405</xmin>
			<ymin>520</ymin>
			<xmax>582</xmax>
			<ymax>952</ymax>
		</bndbox>
	</object>
</annotation>
