<annotation>
	<folder>data_damage_types</folder>
	<filename>img_1 (215).jpg</filename>
	<path>C:\IIT\FYP\DataSet\data_damage_types\img_1 (215).jpg</path>
	<source>
		<database>Unknown</database>
	</source>
	<size>
		<width>1200</width>
		<height>1600</height>
		<depth>3</depth>
	</size>
	<segmented>0</segmented>
	<object>
		<name>dented</name>
		<pose>Unspecified</pose>
		<truncated>0</truncated>
		<difficult>0</difficult>
		<bndbox>
			<xmin>769</xmin>
			<ymin>1274</ymin>
			<xmax>937</xmax>
			<ymax>1521</ymax>
		</bndbox>
	</object>
	<object>
		<name>dented</name>
		<pose>Unspecified</pose>
		<truncated>0</truncated>
		<difficult>0</difficult>
		<bndbox>
			<xmin>520</xmin>
			<ymin>854</ymin>
			<xmax>630</xmax>
			<ymax>915</ymax>
		</bndbox>
	</object>
	<object>
		<name>rust</name>
		<pose>Unspecified</pose>
		<truncated>0</truncated>
		<difficult>0</difficult>
		<bndbox>
			<xmin>254</xmin>
			<ymin>769</ymin>
			<xmax>428</xmax>
			<ymax>954</ymax>
		</bndbox>
	</object>
	<object>
		<name>dented</name>
		<pose>Unspecified</pose>
		<truncated>0</truncated>
		<difficult>0</difficult>
		<bndbox>
			<xmin>171</xmin>
			<ymin>1435</ymin>
			<xmax>293</xmax>
			<ymax>1552</ymax>
		</bndbox>
	</object>
</annotation>
