<annotation>
	<folder>data_damage_types</folder>
	<filename>img_1 (266).jpg</filename>
	<path>C:\IIT\FYP\DataSet\data_damage_types\img_1 (266).jpg</path>
	<source>
		<database>Unknown</database>
	</source>
	<size>
		<width>963</width>
		<height>1280</height>
		<depth>3</depth>
	</size>
	<segmented>0</segmented>
	<object>
		<name>dented</name>
		<pose>Unspecified</pose>
		<truncated>0</truncated>
		<difficult>0</difficult>
		<bndbox>
			<xmin>201</xmin>
			<ymin>650</ymin>
			<xmax>347</xmax>
			<ymax>899</ymax>
		</bndbox>
	</object>
	<object>
		<name>rust</name>
		<pose>Unspecified</pose>
		<truncated>0</truncated>
		<difficult>0</difficult>
		<bndbox>
			<xmin>318</xmin>
			<ymin>472</ymin>
			<xmax>363</xmax>
			<ymax>611</ymax>
		</bndbox>
	</object>
</annotation>
