<annotation>
	<folder>all_images_2</folder>
	<filename>img_1 (28).jpg</filename>
	<path>C:\DATASET\all_images_2\img_1 (28).jpg</path>
	<source>
		<database>Unknown</database>
	</source>
	<size>
		<width>1600</width>
		<height>1200</height>
		<depth>3</depth>
	</size>
	<segmented>0</segmented>
	<object>
		<name>bulged</name>
		<pose>Unspecified</pose>
		<truncated>0</truncated>
		<difficult>0</difficult>
		<bndbox>
			<xmin>749</xmin>
			<ymin>578</ymin>
			<xmax>1266</xmax>
			<ymax>820</ymax>
		</bndbox>
	</object>
	<object>
		<name>bulged</name>
		<pose>Unspecified</pose>
		<truncated>0</truncated>
		<difficult>0</difficult>
		<bndbox>
			<xmin>433</xmin>
			<ymin>574</ymin>
			<xmax>695</xmax>
			<ymax>713</ymax>
		</bndbox>
	</object>
</annotation>
