<annotation>
	<folder>data_damage_types</folder>
	<filename>img_1 (253).jpg</filename>
	<path>C:\IIT\FYP\DataSet\data_damage_types\img_1 (253).jpg</path>
	<source>
		<database>Unknown</database>
	</source>
	<size>
		<width>768</width>
		<height>1024</height>
		<depth>3</depth>
	</size>
	<segmented>0</segmented>
	<object>
		<name>rust</name>
		<pose>Unspecified</pose>
		<truncated>0</truncated>
		<difficult>0</difficult>
		<bndbox>
			<xmin>686</xmin>
			<ymin>409</ymin>
			<xmax>744</xmax>
			<ymax>610</ymax>
		</bndbox>
	</object>
	<object>
		<name>rust</name>
		<pose>Unspecified</pose>
		<truncated>0</truncated>
		<difficult>0</difficult>
		<bndbox>
			<xmin>45</xmin>
			<ymin>609</ymin>
			<xmax>385</xmax>
			<ymax>789</ymax>
		</bndbox>
	</object>
	<object>
		<name>dented</name>
		<pose>Unspecified</pose>
		<truncated>0</truncated>
		<difficult>0</difficult>
		<bndbox>
			<xmin>471</xmin>
			<ymin>110</ymin>
			<xmax>635</xmax>
			<ymax>197</ymax>
		</bndbox>
	</object>
</annotation>
