<annotation>
	<folder>all_images_2</folder>
	<filename>img_1 (197).jpg</filename>
	<path>C:\DATASET\all_images_2\img_1 (197).jpg</path>
	<source>
		<database>Unknown</database>
	</source>
	<size>
		<width>1170</width>
		<height>2080</height>
		<depth>3</depth>
	</size>
	<segmented>0</segmented>
	<object>
		<name>rust</name>
		<pose>Unspecified</pose>
		<truncated>0</truncated>
		<difficult>0</difficult>
		<bndbox>
			<xmin>378</xmin>
			<ymin>1076</ymin>
			<xmax>557</xmax>
			<ymax>1345</ymax>
		</bndbox>
	</object>
	<object>
		<name>rust</name>
		<pose>Unspecified</pose>
		<truncated>0</truncated>
		<difficult>0</difficult>
		<bndbox>
			<xmin>72</xmin>
			<ymin>932</ymin>
			<xmax>207</xmax>
			<ymax>1450</ymax>
		</bndbox>
	</object>
	<object>
		<name>dented</name>
		<pose>Unspecified</pose>
		<truncated>0</truncated>
		<difficult>0</difficult>
		<bndbox>
			<xmin>159</xmin>
			<ymin>591</ymin>
			<xmax>433</xmax>
			<ymax>713</ymax>
		</bndbox>
	</object>
</annotation>
