<annotation>
	<folder>data_damage_types</folder>
	<filename>img_1 (310).jpg</filename>
	<path>C:\IIT\FYP\DataSet\data_damage_types\img_1 (310).jpg</path>
	<source>
		<database>Unknown</database>
	</source>
	<size>
		<width>1200</width>
		<height>1600</height>
		<depth>3</depth>
	</size>
	<segmented>0</segmented>
	<object>
		<name>rust</name>
		<pose>Unspecified</pose>
		<truncated>0</truncated>
		<difficult>0</difficult>
		<bndbox>
			<xmin>447</xmin>
			<ymin>140</ymin>
			<xmax>667</xmax>
			<ymax>1189</ymax>
		</bndbox>
	</object>
	<object>
		<name>rust</name>
		<pose>Unspecified</pose>
		<truncated>0</truncated>
		<difficult>0</difficult>
		<bndbox>
			<xmin>891</xmin>
			<ymin>952</ymin>
			<xmax>1176</xmax>
			<ymax>1164</ymax>
		</bndbox>
	</object>
</annotation>
