<annotation>
	<folder>all_images_2</folder>
	<filename>img_1 (15).jpg</filename>
	<path>C:\DATASET\all_images_2\img_1 (15).jpg</path>
	<source>
		<database>Unknown</database>
	</source>
	<size>
		<width>1560</width>
		<height>2080</height>
		<depth>3</depth>
	</size>
	<segmented>0</segmented>
	<object>
		<name>dented</name>
		<pose>Unspecified</pose>
		<truncated>0</truncated>
		<difficult>0</difficult>
		<bndbox>
			<xmin>867</xmin>
			<ymin>1098</ymin>
			<xmax>1017</xmax>
			<ymax>1343</ymax>
		</bndbox>
	</object>
	<object>
		<name>dented</name>
		<pose>Unspecified</pose>
		<truncated>0</truncated>
		<difficult>0</difficult>
		<bndbox>
			<xmin>854</xmin>
			<ymin>200</ymin>
			<xmax>963</xmax>
			<ymax>400</ymax>
		</bndbox>
	</object>
	<object>
		<name>dented</name>
		<pose>Unspecified</pose>
		<truncated>0</truncated>
		<difficult>0</difficult>
		<bndbox>
			<xmin>523</xmin>
			<ymin>800</ymin>
			<xmax>586</xmax>
			<ymax>941</ymax>
		</bndbox>
	</object>
</annotation>
