<annotation>
	<folder>data_damage_types</folder>
	<filename>img_1 (241).jpg</filename>
	<path>C:\IIT\FYP\DataSet\data_damage_types\img_1 (241).jpg</path>
	<source>
		<database>Unknown</database>
	</source>
	<size>
		<width>720</width>
		<height>1280</height>
		<depth>3</depth>
	</size>
	<segmented>0</segmented>
	<object>
		<name>bulged</name>
		<pose>Unspecified</pose>
		<truncated>0</truncated>
		<difficult>0</difficult>
		<bndbox>
			<xmin>292</xmin>
			<ymin>157</ymin>
			<xmax>446</xmax>
			<ymax>579</ymax>
		</bndbox>
	</object>
	<object>
		<name>dented</name>
		<pose>Unspecified</pose>
		<truncated>0</truncated>
		<difficult>0</difficult>
		<bndbox>
			<xmin>198</xmin>
			<ymin>691</ymin>
			<xmax>423</xmax>
			<ymax>933</ymax>
		</bndbox>
	</object>
	<object>
		<name>rust</name>
		<pose>Unspecified</pose>
		<truncated>0</truncated>
		<difficult>0</difficult>
		<bndbox>
			<xmin>431</xmin>
			<ymin>594</ymin>
			<xmax>669</xmax>
			<ymax>768</ymax>
		</bndbox>
	</object>
</annotation>
