<annotation>
	<folder>data_damage_types</folder>
	<filename>img_1 (407).jpg</filename>
	<path>C:\IIT\FYP\DataSet\data_damage_types\img_1 (407).jpg</path>
	<source>
		<database>Unknown</database>
	</source>
	<size>
		<width>1280</width>
		<height>960</height>
		<depth>3</depth>
	</size>
	<segmented>0</segmented>
	<object>
		<name>dented</name>
		<pose>Unspecified</pose>
		<truncated>0</truncated>
		<difficult>0</difficult>
		<bndbox>
			<xmin>393</xmin>
			<ymin>257</ymin>
			<xmax>687</xmax>
			<ymax>358</ymax>
		</bndbox>
	</object>
	<object>
		<name>dented</name>
		<pose>Unspecified</pose>
		<truncated>0</truncated>
		<difficult>0</difficult>
		<bndbox>
			<xmin>106</xmin>
			<ymin>661</ymin>
			<xmax>345</xmax>
			<ymax>741</ymax>
		</bndbox>
	</object>
</annotation>
