<annotation>
	<folder>data_damage_types</folder>
	<filename>img_1 (355).jpg</filename>
	<path>C:\IIT\FYP\DataSet\data_damage_types\img_1 (355).jpg</path>
	<source>
		<database>Unknown</database>
	</source>
	<size>
		<width>585</width>
		<height>1040</height>
		<depth>3</depth>
	</size>
	<segmented>0</segmented>
	<object>
		<name>cut</name>
		<pose>Unspecified</pose>
		<truncated>0</truncated>
		<difficult>0</difficult>
		<bndbox>
			<xmin>263</xmin>
			<ymin>596</ymin>
			<xmax>395</xmax>
			<ymax>766</ymax>
		</bndbox>
	</object>
	<object>
		<name>rust</name>
		<pose>Unspecified</pose>
		<truncated>0</truncated>
		<difficult>0</difficult>
		<bndbox>
			<xmin>207</xmin>
			<ymin>257</ymin>
			<xmax>264</xmax>
			<ymax>526</ymax>
		</bndbox>
	</object>
	<object>
		<name>rust</name>
		<pose>Unspecified</pose>
		<truncated>0</truncated>
		<difficult>0</difficult>
		<bndbox>
			<xmin>46</xmin>
			<ymin>310</ymin>
			<xmax>104</xmax>
			<ymax>496</ymax>
		</bndbox>
	</object>
	<object>
		<name>rust</name>
		<pose>Unspecified</pose>
		<truncated>0</truncated>
		<difficult>0</difficult>
		<bndbox>
			<xmin>343</xmin>
			<ymin>113</ymin>
			<xmax>430</xmax>
			<ymax>535</ymax>
		</bndbox>
	</object>
</annotation>
