<annotation>
	<folder>data_damage_types</folder>
	<filename>img_1 (428).jpg</filename>
	<path>C:\IIT\FYP\DataSet\data_damage_types\img_1 (428).jpg</path>
	<source>
		<database>Unknown</database>
	</source>
	<size>
		<width>960</width>
		<height>1280</height>
		<depth>3</depth>
	</size>
	<segmented>0</segmented>
	<object>
		<name>dented</name>
		<pose>Unspecified</pose>
		<truncated>0</truncated>
		<difficult>0</difficult>
		<bndbox>
			<xmin>483</xmin>
			<ymin>921</ymin>
			<xmax>634</xmax>
			<ymax>1046</ymax>
		</bndbox>
	</object>
</annotation>
