<annotation>
	<folder>data_damage_types</folder>
	<filename>img_1 (252).jpg</filename>
	<path>C:\IIT\FYP\DataSet\data_damage_types\img_1 (252).jpg</path>
	<source>
		<database>Unknown</database>
	</source>
	<size>
		<width>1200</width>
		<height>1600</height>
		<depth>3</depth>
	</size>
	<segmented>0</segmented>
	<object>
		<name>hole</name>
		<pose>Unspecified</pose>
		<truncated>0</truncated>
		<difficult>0</difficult>
		<bndbox>
			<xmin>332</xmin>
			<ymin>640</ymin>
			<xmax>622</xmax>
			<ymax>888</ymax>
		</bndbox>
	</object>
	<object>
		<name>rust</name>
		<pose>Unspecified</pose>
		<truncated>0</truncated>
		<difficult>0</difficult>
		<bndbox>
			<xmin>32</xmin>
			<ymin>23</ymin>
			<xmax>527</xmax>
			<ymax>615</ymax>
		</bndbox>
	</object>
	<object>
		<name>rust</name>
		<pose>Unspecified</pose>
		<truncated>0</truncated>
		<difficult>0</difficult>
		<bndbox>
			<xmin>641</xmin>
			<ymin>627</ymin>
			<xmax>825</xmax>
			<ymax>932</ymax>
		</bndbox>
	</object>
	<object>
		<name>rust</name>
		<pose>Unspecified</pose>
		<truncated>0</truncated>
		<difficult>0</difficult>
		<bndbox>
			<xmin>534</xmin>
			<ymin>45</ymin>
			<xmax>802</xmax>
			<ymax>240</ymax>
		</bndbox>
	</object>
</annotation>
