<annotation>
	<folder>all_images_2</folder>
	<filename>img_1 (2).jpg</filename>
	<path>C:\DATASET\all_images_2\img_1 (2).jpg</path>
	<source>
		<database>Unknown</database>
	</source>
	<size>
		<width>1280</width>
		<height>960</height>
		<depth>3</depth>
	</size>
	<segmented>0</segmented>
	<object>
		<name>dented</name>
		<pose>Unspecified</pose>
		<truncated>0</truncated>
		<difficult>0</difficult>
		<bndbox>
			<xmin>379</xmin>
			<ymin>342</ymin>
			<xmax>492</xmax>
			<ymax>380</ymax>
		</bndbox>
	</object>
</annotation>
