<annotation>
	<folder>data_damage_types</folder>
	<filename>img_1 (315).jpg</filename>
	<path>C:\IIT\FYP\DataSet\data_damage_types\img_1 (315).jpg</path>
	<source>
		<database>Unknown</database>
	</source>
	<size>
		<width>959</width>
		<height>1280</height>
		<depth>3</depth>
	</size>
	<segmented>0</segmented>
	<object>
		<name>cut</name>
		<pose>Unspecified</pose>
		<truncated>0</truncated>
		<difficult>0</difficult>
		<bndbox>
			<xmin>255</xmin>
			<ymin>933</ymin>
			<xmax>409</xmax>
			<ymax>1053</ymax>
		</bndbox>
	</object>
	<object>
		<name>dented</name>
		<pose>Unspecified</pose>
		<truncated>0</truncated>
		<difficult>0</difficult>
		<bndbox>
			<xmin>155</xmin>
			<ymin>1065</ymin>
			<xmax>329</xmax>
			<ymax>1200</ymax>
		</bndbox>
	</object>
	<object>
		<name>rust</name>
		<pose>Unspecified</pose>
		<truncated>0</truncated>
		<difficult>0</difficult>
		<bndbox>
			<xmin>66</xmin>
			<ymin>834</ymin>
			<xmax>198</xmax>
			<ymax>1127</ymax>
		</bndbox>
	</object>
</annotation>
