<annotation>
	<folder>data_damage_types</folder>
	<filename>img_1 (224).jpg</filename>
	<path>C:\IIT\FYP\DataSet\data_damage_types\img_1 (224).jpg</path>
	<source>
		<database>Unknown</database>
	</source>
	<size>
		<width>1040</width>
		<height>780</height>
		<depth>3</depth>
	</size>
	<segmented>0</segmented>
	<object>
		<name>bulged</name>
		<pose>Unspecified</pose>
		<truncated>0</truncated>
		<difficult>0</difficult>
		<bndbox>
			<xmin>685</xmin>
			<ymin>353</ymin>
			<xmax>767</xmax>
			<ymax>409</ymax>
		</bndbox>
	</object>
	<object>
		<name>rust</name>
		<pose>Unspecified</pose>
		<truncated>0</truncated>
		<difficult>0</difficult>
		<bndbox>
			<xmin>383</xmin>
			<ymin>350</ymin>
			<xmax>468</xmax>
			<ymax>419</ymax>
		</bndbox>
	</object>
	<object>
		<name>rust</name>
		<pose>Unspecified</pose>
		<truncated>0</truncated>
		<difficult>0</difficult>
		<bndbox>
			<xmin>590</xmin>
			<ymin>300</ymin>
			<xmax>686</xmax>
			<ymax>356</ymax>
		</bndbox>
	</object>
	<object>
		<name>rust</name>
		<pose>Unspecified</pose>
		<truncated>0</truncated>
		<difficult>0</difficult>
		<bndbox>
			<xmin>171</xmin>
			<ymin>420</ymin>
			<xmax>373</xmax>
			<ymax>470</ymax>
		</bndbox>
	</object>
</annotation>
