<annotation>
	<folder>data_damage_types</folder>
	<filename>img_1 (396).jpg</filename>
	<path>C:\IIT\FYP\DataSet\data_damage_types\img_1 (396).jpg</path>
	<source>
		<database>Unknown</database>
	</source>
	<size>
		<width>768</width>
		<height>1024</height>
		<depth>3</depth>
	</size>
	<segmented>0</segmented>
	<object>
		<name>bulged</name>
		<pose>Unspecified</pose>
		<truncated>0</truncated>
		<difficult>0</difficult>
		<bndbox>
			<xmin>260</xmin>
			<ymin>273</ymin>
			<xmax>712</xmax>
			<ymax>476</ymax>
		</bndbox>
	</object>
</annotation>
