<annotation>
	<folder>data_damage_types</folder>
	<filename>img_1 (223).jpg</filename>
	<path>C:\IIT\FYP\DataSet\data_damage_types\img_1 (223).jpg</path>
	<source>
		<database>Unknown</database>
	</source>
	<size>
		<width>1040</width>
		<height>780</height>
		<depth>3</depth>
	</size>
	<segmented>0</segmented>
	<object>
		<name>bulged</name>
		<pose>Unspecified</pose>
		<truncated>0</truncated>
		<difficult>0</difficult>
		<bndbox>
			<xmin>180</xmin>
			<ymin>306</ymin>
			<xmax>586</xmax>
			<ymax>420</ymax>
		</bndbox>
	</object>
	<object>
		<name>rust</name>
		<pose>Unspecified</pose>
		<truncated>0</truncated>
		<difficult>0</difficult>
		<bndbox>
			<xmin>511</xmin>
			<ymin>183</ymin>
			<xmax>803</xmax>
			<ymax>242</ymax>
		</bndbox>
	</object>
</annotation>
