<annotation>
	<folder>data_damage_types</folder>
	<filename>img_1 (456).jpg</filename>
	<path>C:\IIT\FYP\DataSet\data_damage_types\img_1 (456).jpg</path>
	<source>
		<database>Unknown</database>
	</source>
	<size>
		<width>958</width>
		<height>1280</height>
		<depth>3</depth>
	</size>
	<segmented>0</segmented>
	<object>
		<name>rust</name>
		<pose>Unspecified</pose>
		<truncated>0</truncated>
		<difficult>0</difficult>
		<bndbox>
			<xmin>510</xmin>
			<ymin>342</ymin>
			<xmax>587</xmax>
			<ymax>867</ymax>
		</bndbox>
	</object>
	<object>
		<name>dented</name>
		<pose>Unspecified</pose>
		<truncated>0</truncated>
		<difficult>0</difficult>
		<bndbox>
			<xmin>154</xmin>
			<ymin>825</ymin>
			<xmax>494</xmax>
			<ymax>887</ymax>
		</bndbox>
	</object>
</annotation>
