<annotation>
	<folder>all_images_2</folder>
	<filename>img_1 (174).jpg</filename>
	<path>C:\DATASET\all_images_2\img_1 (174).jpg</path>
	<source>
		<database>Unknown</database>
	</source>
	<size>
		<width>2080</width>
		<height>1170</height>
		<depth>3</depth>
	</size>
	<segmented>0</segmented>
	<object>
		<name>rust</name>
		<pose>Unspecified</pose>
		<truncated>0</truncated>
		<difficult>0</difficult>
		<bndbox>
			<xmin>34</xmin>
			<ymin>637</ymin>
			<xmax>1614</xmax>
			<ymax>919</ymax>
		</bndbox>
	</object>
	<object>
		<name>rust</name>
		<pose>Unspecified</pose>
		<truncated>0</truncated>
		<difficult>0</difficult>
		<bndbox>
			<xmin>47</xmin>
			<ymin>954</ymin>
			<xmax>1456</xmax>
			<ymax>1135</ymax>
		</bndbox>
	</object>
</annotation>
