<annotation>
	<folder>data_damage_types</folder>
	<filename>img_1 (265).jpg</filename>
	<path>C:\IIT\FYP\DataSet\data_damage_types\img_1 (265).jpg</path>
	<source>
		<database>Unknown</database>
	</source>
	<size>
		<width>963</width>
		<height>1280</height>
		<depth>3</depth>
	</size>
	<segmented>0</segmented>
	<object>
		<name>bulged</name>
		<pose>Unspecified</pose>
		<truncated>0</truncated>
		<difficult>0</difficult>
		<bndbox>
			<xmin>123</xmin>
			<ymin>625</ymin>
			<xmax>473</xmax>
			<ymax>813</ymax>
		</bndbox>
	</object>
	<object>
		<name>cut</name>
		<pose>Unspecified</pose>
		<truncated>0</truncated>
		<difficult>0</difficult>
		<bndbox>
			<xmin>435</xmin>
			<ymin>668</ymin>
			<xmax>549</xmax>
			<ymax>710</ymax>
		</bndbox>
	</object>
	<object>
		<name>dented</name>
		<pose>Unspecified</pose>
		<truncated>0</truncated>
		<difficult>0</difficult>
		<bndbox>
			<xmin>547</xmin>
			<ymin>718</ymin>
			<xmax>868</xmax>
			<ymax>776</ymax>
		</bndbox>
	</object>
</annotation>
