<annotation>
	<folder>data_damage_types</folder>
	<filename>img_1 (385).jpg</filename>
	<path>C:\IIT\FYP\DataSet\data_damage_types\img_1 (385).jpg</path>
	<source>
		<database>Unknown</database>
	</source>
	<size>
		<width>1024</width>
		<height>768</height>
		<depth>3</depth>
	</size>
	<segmented>0</segmented>
	<object>
		<name>dented</name>
		<pose>Unspecified</pose>
		<truncated>0</truncated>
		<difficult>0</difficult>
		<bndbox>
			<xmin>446</xmin>
			<ymin>379</ymin>
			<xmax>568</xmax>
			<ymax>463</ymax>
		</bndbox>
	</object>
	<object>
		<name>dented</name>
		<pose>Unspecified</pose>
		<truncated>0</truncated>
		<difficult>0</difficult>
		<bndbox>
			<xmin>199</xmin>
			<ymin>506</ymin>
			<xmax>314</xmax>
			<ymax>551</ymax>
		</bndbox>
	</object>
</annotation>
