<annotation>
	<folder>all_images_2</folder>
	<filename>img_1 (109).jpg</filename>
	<path>C:\DATASET\all_images_2\img_1 (109).jpg</path>
	<source>
		<database>Unknown</database>
	</source>
	<size>
		<width>1200</width>
		<height>1600</height>
		<depth>3</depth>
	</size>
	<segmented>0</segmented>
	<object>
		<name>rust</name>
		<pose>Unspecified</pose>
		<truncated>0</truncated>
		<difficult>0</difficult>
		<bndbox>
			<xmin>498</xmin>
			<ymin>200</ymin>
			<xmax>638</xmax>
			<ymax>1318</ymax>
		</bndbox>
	</object>
</annotation>
