<annotation>
	<folder>all_images_2</folder>
	<filename>img_1 (42).jpg</filename>
	<path>C:\DATASET\all_images_2\img_1 (42).jpg</path>
	<source>
		<database>Unknown</database>
	</source>
	<size>
		<width>1200</width>
		<height>1600</height>
		<depth>3</depth>
	</size>
	<segmented>0</segmented>
	<object>
		<name>dented</name>
		<pose>Unspecified</pose>
		<truncated>0</truncated>
		<difficult>0</difficult>
		<bndbox>
			<xmin>588</xmin>
			<ymin>1007</ymin>
			<xmax>706</xmax>
			<ymax>1127</ymax>
		</bndbox>
	</object>
</annotation>
