<annotation>
	<folder>data_damage_types</folder>
	<filename>img_1 (290).jpg</filename>
	<path>C:\IIT\FYP\DataSet\data_damage_types\img_1 (290).jpg</path>
	<source>
		<database>Unknown</database>
	</source>
	<size>
		<width>1200</width>
		<height>1600</height>
		<depth>3</depth>
	</size>
	<segmented>0</segmented>
	<object>
		<name>bulged</name>
		<pose>Unspecified</pose>
		<truncated>0</truncated>
		<difficult>0</difficult>
		<bndbox>
			<xmin>513</xmin>
			<ymin>1101</ymin>
			<xmax>845</xmax>
			<ymax>1516</ymax>
		</bndbox>
	</object>
	<object>
		<name>rust</name>
		<pose>Unspecified</pose>
		<truncated>0</truncated>
		<difficult>0</difficult>
		<bndbox>
			<xmin>16</xmin>
			<ymin>489</ymin>
			<xmax>488</xmax>
			<ymax>1303</ymax>
		</bndbox>
	</object>
</annotation>
