<annotation>
	<folder>data_damage_types</folder>
	<filename>img_1 (425).jpg</filename>
	<path>C:\IIT\FYP\DataSet\data_damage_types\img_1 (425).jpg</path>
	<source>
		<database>Unknown</database>
	</source>
	<size>
		<width>1280</width>
		<height>960</height>
		<depth>3</depth>
	</size>
	<segmented>0</segmented>
	<object>
		<name>bulged</name>
		<pose>Unspecified</pose>
		<truncated>0</truncated>
		<difficult>0</difficult>
		<bndbox>
			<xmin>306</xmin>
			<ymin>217</ymin>
			<xmax>509</xmax>
			<ymax>365</ymax>
		</bndbox>
	</object>
	<object>
		<name>bulged</name>
		<pose>Unspecified</pose>
		<truncated>0</truncated>
		<difficult>0</difficult>
		<bndbox>
			<xmin>502</xmin>
			<ymin>578</ymin>
			<xmax>669</xmax>
			<ymax>778</ymax>
		</bndbox>
	</object>
</annotation>
