<annotation>
	<folder>all_images_2</folder>
	<filename>img_1 (156).jpg</filename>
	<path>C:\DATASET\all_images_2\img_1 (156).jpg</path>
	<source>
		<database>Unknown</database>
	</source>
	<size>
		<width>1170</width>
		<height>2080</height>
		<depth>3</depth>
	</size>
	<segmented>0</segmented>
	<object>
		<name>cut</name>
		<pose>Unspecified</pose>
		<truncated>0</truncated>
		<difficult>0</difficult>
		<bndbox>
			<xmin>396</xmin>
			<ymin>1193</ymin>
			<xmax>526</xmax>
			<ymax>1291</ymax>
		</bndbox>
	</object>
	<object>
		<name>hole</name>
		<pose>Unspecified</pose>
		<truncated>0</truncated>
		<difficult>0</difficult>
		<bndbox>
			<xmin>515</xmin>
			<ymin>1324</ymin>
			<xmax>772</xmax>
			<ymax>1454</ymax>
		</bndbox>
	</object>
</annotation>
