<annotation>
	<folder>data_damage_types</folder>
	<filename>img_1 (260).jpg</filename>
	<path>C:\IIT\FYP\DataSet\data_damage_types\img_1 (260).jpg</path>
	<source>
		<database>Unknown</database>
	</source>
	<size>
		<width>1280</width>
		<height>960</height>
		<depth>3</depth>
	</size>
	<segmented>0</segmented>
	<object>
		<name>bulged</name>
		<pose>Unspecified</pose>
		<truncated>0</truncated>
		<difficult>0</difficult>
		<bndbox>
			<xmin>47</xmin>
			<ymin>221</ymin>
			<xmax>307</xmax>
			<ymax>853</ymax>
		</bndbox>
	</object>
	<object>
		<name>rust</name>
		<pose>Unspecified</pose>
		<truncated>0</truncated>
		<difficult>0</difficult>
		<bndbox>
			<xmin>417</xmin>
			<ymin>37</ymin>
			<xmax>731</xmax>
			<ymax>118</ymax>
		</bndbox>
	</object>
	<object>
		<name>rust</name>
		<pose>Unspecified</pose>
		<truncated>0</truncated>
		<difficult>0</difficult>
		<bndbox>
			<xmin>917</xmin>
			<ymin>90</ymin>
			<xmax>1228</xmax>
			<ymax>184</ymax>
		</bndbox>
	</object>
	<object>
		<name>rust</name>
		<pose>Unspecified</pose>
		<truncated>0</truncated>
		<difficult>0</difficult>
		<bndbox>
			<xmin>992</xmin>
			<ymin>829</ymin>
			<xmax>1151</xmax>
			<ymax>935</ymax>
		</bndbox>
	</object>
</annotation>
