<annotation>
	<folder>data_damage_types</folder>
	<filename>img_1 (299).jpg</filename>
	<path>C:\IIT\FYP\DataSet\data_damage_types\img_1 (299).jpg</path>
	<source>
		<database>Unknown</database>
	</source>
	<size>
		<width>960</width>
		<height>1280</height>
		<depth>3</depth>
	</size>
	<segmented>0</segmented>
	<object>
		<name>dented</name>
		<pose>Unspecified</pose>
		<truncated>0</truncated>
		<difficult>0</difficult>
		<bndbox>
			<xmin>93</xmin>
			<ymin>899</ymin>
			<xmax>507</xmax>
			<ymax>981</ymax>
		</bndbox>
	</object>
	<object>
		<name>dented</name>
		<pose>Unspecified</pose>
		<truncated>1</truncated>
		<difficult>0</difficult>
		<bndbox>
			<xmin>1</xmin>
			<ymin>757</ymin>
			<xmax>147</xmax>
			<ymax>863</ymax>
		</bndbox>
	</object>
	<object>
		<name>dented</name>
		<pose>Unspecified</pose>
		<truncated>0</truncated>
		<difficult>0</difficult>
		<bndbox>
			<xmin>406</xmin>
			<ymin>1013</ymin>
			<xmax>690</xmax>
			<ymax>1096</ymax>
		</bndbox>
	</object>
</annotation>
