<annotation>
	<folder>data_damage_types</folder>
	<filename>img_1 (322).jpg</filename>
	<path>C:\IIT\FYP\DataSet\data_damage_types\img_1 (322).jpg</path>
	<source>
		<database>Unknown</database>
	</source>
	<size>
		<width>1200</width>
		<height>1600</height>
		<depth>3</depth>
	</size>
	<segmented>0</segmented>
	<object>
		<name>hole</name>
		<pose>Unspecified</pose>
		<truncated>0</truncated>
		<difficult>0</difficult>
		<bndbox>
			<xmin>298</xmin>
			<ymin>1145</ymin>
			<xmax>364</xmax>
			<ymax>1257</ymax>
		</bndbox>
	</object>
	<object>
		<name>cut</name>
		<pose>Unspecified</pose>
		<truncated>0</truncated>
		<difficult>0</difficult>
		<bndbox>
			<xmin>155</xmin>
			<ymin>388</ymin>
			<xmax>423</xmax>
			<ymax>459</ymax>
		</bndbox>
	</object>
</annotation>
