<annotation>
	<folder>all_images_2</folder>
	<filename>img_1 (124).jpg</filename>
	<path>C:\DATASET\all_images_2\img_1 (124).jpg</path>
	<source>
		<database>Unknown</database>
	</source>
	<size>
		<width>1280</width>
		<height>960</height>
		<depth>3</depth>
	</size>
	<segmented>0</segmented>
	<object>
		<name>bulged</name>
		<pose>Unspecified</pose>
		<truncated>0</truncated>
		<difficult>0</difficult>
		<bndbox>
			<xmin>212</xmin>
			<ymin>226</ymin>
			<xmax>288</xmax>
			<ymax>451</ymax>
		</bndbox>
	</object>
	<object>
		<name>bulged</name>
		<pose>Unspecified</pose>
		<truncated>0</truncated>
		<difficult>0</difficult>
		<bndbox>
			<xmin>300</xmin>
			<ymin>489</ymin>
			<xmax>474</xmax>
			<ymax>642</ymax>
		</bndbox>
	</object>
	<object>
		<name>dented</name>
		<pose>Unspecified</pose>
		<truncated>0</truncated>
		<difficult>0</difficult>
		<bndbox>
			<xmin>111</xmin>
			<ymin>214</ymin>
			<xmax>181</xmax>
			<ymax>537</ymax>
		</bndbox>
	</object>
</annotation>
