<annotation>
	<folder>all_images_2</folder>
	<filename>img_1 (136).jpg</filename>
	<path>C:\DATASET\all_images_2\img_1 (136).jpg</path>
	<source>
		<database>Unknown</database>
	</source>
	<size>
		<width>4032</width>
		<height>3024</height>
		<depth>3</depth>
	</size>
	<segmented>0</segmented>
	<object>
		<name>dented</name>
		<pose>Unspecified</pose>
		<truncated>0</truncated>
		<difficult>0</difficult>
		<bndbox>
			<xmin>2026</xmin>
			<ymin>613</ymin>
			<xmax>2590</xmax>
			<ymax>1292</ymax>
		</bndbox>
	</object>
	<object>
		<name>dented</name>
		<pose>Unspecified</pose>
		<truncated>0</truncated>
		<difficult>0</difficult>
		<bndbox>
			<xmin>197</xmin>
			<ymin>1842</ymin>
			<xmax>1247</xmax>
			<ymax>2199</ymax>
		</bndbox>
	</object>
	<object>
		<name>dented</name>
		<pose>Unspecified</pose>
		<truncated>0</truncated>
		<difficult>0</difficult>
		<bndbox>
			<xmin>1590</xmin>
			<ymin>1934</ymin>
			<xmax>2597</xmax>
			<ymax>2288</ymax>
		</bndbox>
	</object>
</annotation>
