<annotation>
	<folder>all_images_2</folder>
	<filename>img_1 (133).jpg</filename>
	<path>C:\DATASET\all_images_2\img_1 (133).jpg</path>
	<source>
		<database>Unknown</database>
	</source>
	<size>
		<width>1600</width>
		<height>1201</height>
		<depth>3</depth>
	</size>
	<segmented>0</segmented>
	<object>
		<name>cut</name>
		<pose>Unspecified</pose>
		<truncated>0</truncated>
		<difficult>0</difficult>
		<bndbox>
			<xmin>816</xmin>
			<ymin>324</ymin>
			<xmax>1078</xmax>
			<ymax>388</ymax>
		</bndbox>
	</object>
</annotation>
