<annotation>
	<folder>data_damage_types</folder>
	<filename>img_1 (249).jpg</filename>
	<path>C:\IIT\FYP\DataSet\data_damage_types\img_1 (249).jpg</path>
	<source>
		<database>Unknown</database>
	</source>
	<size>
		<width>1200</width>
		<height>1600</height>
		<depth>3</depth>
	</size>
	<segmented>0</segmented>
	<object>
		<name>cut</name>
		<pose>Unspecified</pose>
		<truncated>0</truncated>
		<difficult>0</difficult>
		<bndbox>
			<xmin>339</xmin>
			<ymin>174</ymin>
			<xmax>893</xmax>
			<ymax>659</ymax>
		</bndbox>
	</object>
	<object>
		<name>rust</name>
		<pose>Unspecified</pose>
		<truncated>1</truncated>
		<difficult>0</difficult>
		<bndbox>
			<xmin>1</xmin>
			<ymin>1335</ymin>
			<xmax>246</xmax>
			<ymax>1600</ymax>
		</bndbox>
	</object>
	<object>
		<name>rust</name>
		<pose>Unspecified</pose>
		<truncated>0</truncated>
		<difficult>0</difficult>
		<bndbox>
			<xmin>756</xmin>
			<ymin>691</ymin>
			<xmax>951</xmax>
			<ymax>821</ymax>
		</bndbox>
	</object>
</annotation>
