<annotation>
	<folder>data_damage_types</folder>
	<filename>img_1 (309).jpg</filename>
	<path>C:\IIT\FYP\DataSet\data_damage_types\img_1 (309).jpg</path>
	<source>
		<database>Unknown</database>
	</source>
	<size>
		<width>1200</width>
		<height>1600</height>
		<depth>3</depth>
	</size>
	<segmented>0</segmented>
	<object>
		<name>rust</name>
		<pose>Unspecified</pose>
		<truncated>0</truncated>
		<difficult>0</difficult>
		<bndbox>
			<xmin>788</xmin>
			<ymin>130</ymin>
			<xmax>1140</xmax>
			<ymax>1277</ymax>
		</bndbox>
	</object>
	<object>
		<name>rust</name>
		<pose>Unspecified</pose>
		<truncated>0</truncated>
		<difficult>0</difficult>
		<bndbox>
			<xmin>274</xmin>
			<ymin>947</ymin>
			<xmax>427</xmax>
			<ymax>1043</ymax>
		</bndbox>
	</object>
	<object>
		<name>rust</name>
		<pose>Unspecified</pose>
		<truncated>0</truncated>
		<difficult>0</difficult>
		<bndbox>
			<xmin>40</xmin>
			<ymin>1127</ymin>
			<xmax>194</xmax>
			<ymax>1460</ymax>
		</bndbox>
	</object>
	<object>
		<name>rust</name>
		<pose>Unspecified</pose>
		<truncated>0</truncated>
		<difficult>0</difficult>
		<bndbox>
			<xmin>520</xmin>
			<ymin>1216</ymin>
			<xmax>594</xmax>
			<ymax>1311</ymax>
		</bndbox>
	</object>
</annotation>
