<annotation>
	<folder>data_damage_types</folder>
	<filename>img_1 (308).jpg</filename>
	<path>C:\IIT\FYP\DataSet\data_damage_types\img_1 (308).jpg</path>
	<source>
		<database>Unknown</database>
	</source>
	<size>
		<width>901</width>
		<height>1600</height>
		<depth>3</depth>
	</size>
	<segmented>0</segmented>
	<object>
		<name>dented</name>
		<pose>Unspecified</pose>
		<truncated>0</truncated>
		<difficult>0</difficult>
		<bndbox>
			<xmin>174</xmin>
			<ymin>98</ymin>
			<xmax>718</xmax>
			<ymax>457</ymax>
		</bndbox>
	</object>
	<object>
		<name>rust</name>
		<pose>Unspecified</pose>
		<truncated>0</truncated>
		<difficult>0</difficult>
		<bndbox>
			<xmin>117</xmin>
			<ymin>364</ymin>
			<xmax>366</xmax>
			<ymax>1308</ymax>
		</bndbox>
	</object>
</annotation>
