<annotation>
	<folder>data_damage_types</folder>
	<filename>img_1 (210).jpg</filename>
	<path>C:\IIT\FYP\DataSet\data_damage_types\img_1 (210).jpg</path>
	<source>
		<database>Unknown</database>
	</source>
	<size>
		<width>1600</width>
		<height>1200</height>
		<depth>3</depth>
	</size>
	<segmented>0</segmented>
	<object>
		<name>bulged</name>
		<pose>Unspecified</pose>
		<truncated>0</truncated>
		<difficult>0</difficult>
		<bndbox>
			<xmin>467</xmin>
			<ymin>3</ymin>
			<xmax>854</xmax>
			<ymax>616</ymax>
		</bndbox>
	</object>
	<object>
		<name>dented</name>
		<pose>Unspecified</pose>
		<truncated>0</truncated>
		<difficult>0</difficult>
		<bndbox>
			<xmin>914</xmin>
			<ymin>746</ymin>
			<xmax>1408</xmax>
			<ymax>920</ymax>
		</bndbox>
	</object>
</annotation>
