<annotation>
	<folder>data_damage_types</folder>
	<filename>img_1 (442).jpg</filename>
	<path>C:\IIT\FYP\DataSet\data_damage_types\img_1 (442).jpg</path>
	<source>
		<database>Unknown</database>
	</source>
	<size>
		<width>774</width>
		<height>1032</height>
		<depth>3</depth>
	</size>
	<segmented>0</segmented>
	<object>
		<name>dented</name>
		<pose>Unspecified</pose>
		<truncated>0</truncated>
		<difficult>0</difficult>
		<bndbox>
			<xmin>4</xmin>
			<ymin>373</ymin>
			<xmax>576</xmax>
			<ymax>506</ymax>
		</bndbox>
	</object>
</annotation>
