<annotation>
	<folder>data_damage_types</folder>
	<filename>img_1 (295).jpg</filename>
	<path>C:\IIT\FYP\DataSet\data_damage_types\img_1 (295).jpg</path>
	<source>
		<database>Unknown</database>
	</source>
	<size>
		<width>1024</width>
		<height>768</height>
		<depth>3</depth>
	</size>
	<segmented>0</segmented>
	<object>
		<name>dented</name>
		<pose>Unspecified</pose>
		<truncated>0</truncated>
		<difficult>0</difficult>
		<bndbox>
			<xmin>175</xmin>
			<ymin>432</ymin>
			<xmax>247</xmax>
			<ymax>528</ymax>
		</bndbox>
	</object>
	<object>
		<name>dented</name>
		<pose>Unspecified</pose>
		<truncated>0</truncated>
		<difficult>0</difficult>
		<bndbox>
			<xmin>540</xmin>
			<ymin>341</ymin>
			<xmax>589</xmax>
			<ymax>371</ymax>
		</bndbox>
	</object>
	<object>
		<name>dented</name>
		<pose>Unspecified</pose>
		<truncated>0</truncated>
		<difficult>0</difficult>
		<bndbox>
			<xmin>298</xmin>
			<ymin>456</ymin>
			<xmax>363</xmax>
			<ymax>491</ymax>
		</bndbox>
	</object>
	<object>
		<name>dented</name>
		<pose>Unspecified</pose>
		<truncated>0</truncated>
		<difficult>0</difficult>
		<bndbox>
			<xmin>419</xmin>
			<ymin>420</ymin>
			<xmax>577</xmax>
			<ymax>462</ymax>
		</bndbox>
	</object>
</annotation>
