<annotation>
	<folder>data_damage_types</folder>
	<filename>img_1 (301).jpg</filename>
	<path>C:\IIT\FYP\DataSet\data_damage_types\img_1 (301).jpg</path>
	<source>
		<database>Unknown</database>
	</source>
	<size>
		<width>960</width>
		<height>1280</height>
		<depth>3</depth>
	</size>
	<segmented>0</segmented>
	<object>
		<name>dented</name>
		<pose>Unspecified</pose>
		<truncated>0</truncated>
		<difficult>0</difficult>
		<bndbox>
			<xmin>133</xmin>
			<ymin>911</ymin>
			<xmax>470</xmax>
			<ymax>987</ymax>
		</bndbox>
	</object>
	<object>
		<name>dented</name>
		<pose>Unspecified</pose>
		<truncated>1</truncated>
		<difficult>0</difficult>
		<bndbox>
			<xmin>1</xmin>
			<ymin>804</ymin>
			<xmax>93</xmax>
			<ymax>879</ymax>
		</bndbox>
	</object>
	<object>
		<name>dented</name>
		<pose>Unspecified</pose>
		<truncated>0</truncated>
		<difficult>0</difficult>
		<bndbox>
			<xmin>433</xmin>
			<ymin>1040</ymin>
			<xmax>694</xmax>
			<ymax>1127</ymax>
		</bndbox>
	</object>
</annotation>
