<annotation>
	<folder>data_damage_types</folder>
	<filename>img_1 (344).jpg</filename>
	<path>C:\IIT\FYP\DataSet\data_damage_types\img_1 (344).jpg</path>
	<source>
		<database>Unknown</database>
	</source>
	<size>
		<width>1600</width>
		<height>1200</height>
		<depth>3</depth>
	</size>
	<segmented>0</segmented>
	<object>
		<name>dented</name>
		<pose>Unspecified</pose>
		<truncated>0</truncated>
		<difficult>0</difficult>
		<bndbox>
			<xmin>269</xmin>
			<ymin>556</ymin>
			<xmax>344</xmax>
			<ymax>877</ymax>
		</bndbox>
	</object>
	<object>
		<name>dented</name>
		<pose>Unspecified</pose>
		<truncated>0</truncated>
		<difficult>0</difficult>
		<bndbox>
			<xmin>1198</xmin>
			<ymin>700</ymin>
			<xmax>1323</xmax>
			<ymax>783</ymax>
		</bndbox>
	</object>
	<object>
		<name>dented</name>
		<pose>Unspecified</pose>
		<truncated>0</truncated>
		<difficult>0</difficult>
		<bndbox>
			<xmin>1475</xmin>
			<ymin>378</ymin>
			<xmax>1560</xmax>
			<ymax>527</ymax>
		</bndbox>
	</object>
</annotation>
