<annotation>
	<folder>data_damage_types</folder>
	<filename>img_1 (305).jpg</filename>
	<path>C:\IIT\FYP\DataSet\data_damage_types\img_1 (305).jpg</path>
	<source>
		<database>Unknown</database>
	</source>
	<size>
		<width>901</width>
		<height>1600</height>
		<depth>3</depth>
	</size>
	<segmented>0</segmented>
	<object>
		<name>dented</name>
		<pose>Unspecified</pose>
		<truncated>0</truncated>
		<difficult>0</difficult>
		<bndbox>
			<xmin>239</xmin>
			<ymin>404</ymin>
			<xmax>562</xmax>
			<ymax>591</ymax>
		</bndbox>
	</object>
	<object>
		<name>rust</name>
		<pose>Unspecified</pose>
		<truncated>0</truncated>
		<difficult>0</difficult>
		<bndbox>
			<xmin>269</xmin>
			<ymin>621</ymin>
			<xmax>389</xmax>
			<ymax>747</ymax>
		</bndbox>
	</object>
	<object>
		<name>rust</name>
		<pose>Unspecified</pose>
		<truncated>0</truncated>
		<difficult>0</difficult>
		<bndbox>
			<xmin>239</xmin>
			<ymin>815</ymin>
			<xmax>388</xmax>
			<ymax>1198</ymax>
		</bndbox>
	</object>
	<object>
		<name>rust</name>
		<pose>Unspecified</pose>
		<truncated>0</truncated>
		<difficult>0</difficult>
		<bndbox>
			<xmin>686</xmin>
			<ymin>808</ymin>
			<xmax>813</xmax>
			<ymax>1306</ymax>
		</bndbox>
	</object>
</annotation>
