<annotation>
	<folder>all_images_2</folder>
	<filename>img_1 (153).jpg</filename>
	<path>C:\DATASET\all_images_2\img_1 (153).jpg</path>
	<source>
		<database>Unknown</database>
	</source>
	<size>
		<width>2080</width>
		<height>1170</height>
		<depth>3</depth>
	</size>
	<segmented>0</segmented>
	<object>
		<name>cut</name>
		<pose>Unspecified</pose>
		<truncated>0</truncated>
		<difficult>0</difficult>
		<bndbox>
			<xmin>942</xmin>
			<ymin>272</ymin>
			<xmax>1116</xmax>
			<ymax>489</ymax>
		</bndbox>
	</object>
</annotation>
