<annotation>
	<folder>data_damage_types</folder>
	<filename>img_1 (415).jpg</filename>
	<path>C:\IIT\FYP\DataSet\data_damage_types\img_1 (415).jpg</path>
	<source>
		<database>Unknown</database>
	</source>
	<size>
		<width>1280</width>
		<height>960</height>
		<depth>3</depth>
	</size>
	<segmented>0</segmented>
	<object>
		<name>dented</name>
		<pose>Unspecified</pose>
		<truncated>0</truncated>
		<difficult>0</difficult>
		<bndbox>
			<xmin>329</xmin>
			<ymin>606</ymin>
			<xmax>776</xmax>
			<ymax>662</ymax>
		</bndbox>
	</object>
	<object>
		<name>dented</name>
		<pose>Unspecified</pose>
		<truncated>0</truncated>
		<difficult>0</difficult>
		<bndbox>
			<xmin>482</xmin>
			<ymin>506</ymin>
			<xmax>661</xmax>
			<ymax>537</ymax>
		</bndbox>
	</object>
</annotation>
