<annotation>
	<folder>data_damage_types</folder>
	<filename>img_1 (238).jpg</filename>
	<path>C:\IIT\FYP\DataSet\data_damage_types\img_1 (238).jpg</path>
	<source>
		<database>Unknown</database>
	</source>
	<size>
		<width>1170</width>
		<height>914</height>
		<depth>3</depth>
	</size>
	<segmented>0</segmented>
	<object>
		<name>dented</name>
		<pose>Unspecified</pose>
		<truncated>0</truncated>
		<difficult>0</difficult>
		<bndbox>
			<xmin>365</xmin>
			<ymin>316</ymin>
			<xmax>461</xmax>
			<ymax>393</ymax>
		</bndbox>
	</object>
	<object>
		<name>dented</name>
		<pose>Unspecified</pose>
		<truncated>0</truncated>
		<difficult>0</difficult>
		<bndbox>
			<xmin>500</xmin>
			<ymin>418</ymin>
			<xmax>662</xmax>
			<ymax>574</ymax>
		</bndbox>
	</object>
	<object>
		<name>dented</name>
		<pose>Unspecified</pose>
		<truncated>0</truncated>
		<difficult>0</difficult>
		<bndbox>
			<xmin>719</xmin>
			<ymin>494</ymin>
			<xmax>824</xmax>
			<ymax>613</ymax>
		</bndbox>
	</object>
	<object>
		<name>dented</name>
		<pose>Unspecified</pose>
		<truncated>0</truncated>
		<difficult>0</difficult>
		<bndbox>
			<xmin>591</xmin>
			<ymin>732</ymin>
			<xmax>918</xmax>
			<ymax>821</ymax>
		</bndbox>
	</object>
</annotation>
