<annotation>
	<folder>data_damage_types</folder>
	<filename>img_1 (328).jpg</filename>
	<path>C:\IIT\FYP\DataSet\data_damage_types\img_1 (328).jpg</path>
	<source>
		<database>Unknown</database>
	</source>
	<size>
		<width>1032</width>
		<height>774</height>
		<depth>3</depth>
	</size>
	<segmented>0</segmented>
	<object>
		<name>hole</name>
		<pose>Unspecified</pose>
		<truncated>0</truncated>
		<difficult>0</difficult>
		<bndbox>
			<xmin>110</xmin>
			<ymin>384</ymin>
			<xmax>228</xmax>
			<ymax>477</ymax>
		</bndbox>
	</object>
</annotation>
