<annotation>
	<folder>all_images_2</folder>
	<filename>img_1 (165).jpg</filename>
	<path>C:\DATASET\all_images_2\img_1 (165).jpg</path>
	<source>
		<database>Unknown</database>
	</source>
	<size>
		<width>2592</width>
		<height>1458</height>
		<depth>3</depth>
	</size>
	<segmented>0</segmented>
	<object>
		<name>dented</name>
		<pose>Unspecified</pose>
		<truncated>0</truncated>
		<difficult>0</difficult>
		<bndbox>
			<xmin>205</xmin>
			<ymin>315</ymin>
			<xmax>1314</xmax>
			<ymax>455</ymax>
		</bndbox>
	</object>
	<object>
		<name>dented</name>
		<pose>Unspecified</pose>
		<truncated>0</truncated>
		<difficult>0</difficult>
		<bndbox>
			<xmin>500</xmin>
			<ymin>713</ymin>
			<xmax>802</xmax>
			<ymax>815</ymax>
		</bndbox>
	</object>
	<object>
		<name>dented</name>
		<pose>Unspecified</pose>
		<truncated>0</truncated>
		<difficult>0</difficult>
		<bndbox>
			<xmin>1088</xmin>
			<ymin>715</ymin>
			<xmax>1474</xmax>
			<ymax>853</ymax>
		</bndbox>
	</object>
	<object>
		<name>dented</name>
		<pose>Unspecified</pose>
		<truncated>0</truncated>
		<difficult>0</difficult>
		<bndbox>
			<xmin>198</xmin>
			<ymin>1020</ymin>
			<xmax>656</xmax>
			<ymax>1139</ymax>
		</bndbox>
	</object>
</annotation>
