<annotation>
	<folder>all_images_2</folder>
	<filename>img_1 (151).jpg</filename>
	<path>C:\DATASET\all_images_2\img_1 (151).jpg</path>
	<source>
		<database>Unknown</database>
	</source>
	<size>
		<width>1170</width>
		<height>2080</height>
		<depth>3</depth>
	</size>
	<segmented>0</segmented>
	<object>
		<name>rust</name>
		<pose>Unspecified</pose>
		<truncated>1</truncated>
		<difficult>0</difficult>
		<bndbox>
			<xmin>1</xmin>
			<ymin>895</ymin>
			<xmax>174</xmax>
			<ymax>1024</ymax>
		</bndbox>
	</object>
	<object>
		<name>rust</name>
		<pose>Unspecified</pose>
		<truncated>0</truncated>
		<difficult>0</difficult>
		<bndbox>
			<xmin>474</xmin>
			<ymin>926</ymin>
			<xmax>605</xmax>
			<ymax>1345</ymax>
		</bndbox>
	</object>
	<object>
		<name>rust</name>
		<pose>Unspecified</pose>
		<truncated>0</truncated>
		<difficult>0</difficult>
		<bndbox>
			<xmin>618</xmin>
			<ymin>1161</ymin>
			<xmax>909</xmax>
			<ymax>1493</ymax>
		</bndbox>
	</object>
	<object>
		<name>rust</name>
		<pose>Unspecified</pose>
		<truncated>0</truncated>
		<difficult>0</difficult>
		<bndbox>
			<xmin>915</xmin>
			<ymin>315</ymin>
			<xmax>1063</xmax>
			<ymax>1504</ymax>
		</bndbox>
	</object>
</annotation>
