<annotation>
	<folder>all_images_2</folder>
	<filename>img_1 (198).jpg</filename>
	<path>C:\DATASET\all_images_2\img_1 (198).jpg</path>
	<source>
		<database>Unknown</database>
	</source>
	<size>
		<width>1500</width>
		<height>2000</height>
		<depth>3</depth>
	</size>
	<segmented>0</segmented>
	<object>
		<name>cut</name>
		<pose>Unspecified</pose>
		<truncated>0</truncated>
		<difficult>0</difficult>
		<bndbox>
			<xmin>735</xmin>
			<ymin>1052</ymin>
			<xmax>1014</xmax>
			<ymax>1623</ymax>
		</bndbox>
	</object>
</annotation>
