<annotation>
	<folder>all_images_2</folder>
	<filename>img_1 (110).jpg</filename>
	<path>C:\DATASET\all_images_2\img_1 (110).jpg</path>
	<source>
		<database>Unknown</database>
	</source>
	<size>
		<width>1600</width>
		<height>1200</height>
		<depth>3</depth>
	</size>
	<segmented>0</segmented>
	<object>
		<name>rust</name>
		<pose>Unspecified</pose>
		<truncated>0</truncated>
		<difficult>0</difficult>
		<bndbox>
			<xmin>1197</xmin>
			<ymin>538</ymin>
			<xmax>1316</xmax>
			<ymax>1161</ymax>
		</bndbox>
	</object>
</annotation>
