<annotation>
	<folder>all_images_2</folder>
	<filename>img_1 (128).jpg</filename>
	<path>C:\DATASET\all_images_2\img_1 (128).jpg</path>
	<source>
		<database>Unknown</database>
	</source>
	<size>
		<width>780</width>
		<height>1040</height>
		<depth>3</depth>
	</size>
	<segmented>0</segmented>
	<object>
		<name>bulged</name>
		<pose>Unspecified</pose>
		<truncated>0</truncated>
		<difficult>0</difficult>
		<bndbox>
			<xmin>241</xmin>
			<ymin>413</ymin>
			<xmax>507</xmax>
			<ymax>684</ymax>
		</bndbox>
	</object>
	<object>
		<name>rust</name>
		<pose>Unspecified</pose>
		<truncated>0</truncated>
		<difficult>0</difficult>
		<bndbox>
			<xmin>567</xmin>
			<ymin>530</ymin>
			<xmax>651</xmax>
			<ymax>913</ymax>
		</bndbox>
	</object>
</annotation>
