<annotation>
	<folder>data_damage_types</folder>
	<filename>img_1 (430).jpg</filename>
	<path>C:\IIT\FYP\DataSet\data_damage_types\img_1 (430).jpg</path>
	<source>
		<database>Unknown</database>
	</source>
	<size>
		<width>900</width>
		<height>1600</height>
		<depth>3</depth>
	</size>
	<segmented>0</segmented>
	<object>
		<name>cut</name>
		<pose>Unspecified</pose>
		<truncated>0</truncated>
		<difficult>0</difficult>
		<bndbox>
			<xmin>456</xmin>
			<ymin>893</ymin>
			<xmax>580</xmax>
			<ymax>1123</ymax>
		</bndbox>
	</object>
	<object>
		<name>bulged</name>
		<pose>Unspecified</pose>
		<truncated>0</truncated>
		<difficult>0</difficult>
		<bndbox>
			<xmin>119</xmin>
			<ymin>186</ymin>
			<xmax>751</xmax>
			<ymax>613</ymax>
		</bndbox>
	</object>
</annotation>
