<annotation>
	<folder>train</folder>
	<filename>img_1 (245).jpg</filename>
	<path>C:\Users\SAGTIT\Desktop\dataset_29032023\train\img_1 (245).jpg</path>
	<source>
		<database>Unknown</database>
	</source>
	<size>
		<width>1600</width>
		<height>1200</height>
		<depth>3</depth>
	</size>
	<segmented>0</segmented>
	<object>
		<name>cut</name>
		<pose>Unspecified</pose>
		<truncated>0</truncated>
		<difficult>0</difficult>
		<bndbox>
			<xmin>149</xmin>
			<ymin>392</ymin>
			<xmax>204</xmax>
			<ymax>454</ymax>
		</bndbox>
	</object>
	<object>
		<name>hole</name>
		<pose>Unspecified</pose>
		<truncated>0</truncated>
		<difficult>0</difficult>
		<bndbox>
			<xmin>485</xmin>
			<ymin>352</ymin>
			<xmax>687</xmax>
			<ymax>615</ymax>
		</bndbox>
	</object>
</annotation>
