<annotation>
	<folder>data_damage_types</folder>
	<filename>img_1 (251).jpg</filename>
	<path>C:\IIT\FYP\DataSet\data_damage_types\img_1 (251).jpg</path>
	<source>
		<database>Unknown</database>
	</source>
	<size>
		<width>1200</width>
		<height>1600</height>
		<depth>3</depth>
	</size>
	<segmented>0</segmented>
	<object>
		<name>hole</name>
		<pose>Unspecified</pose>
		<truncated>0</truncated>
		<difficult>0</difficult>
		<bndbox>
			<xmin>432</xmin>
			<ymin>532</ymin>
			<xmax>636</xmax>
			<ymax>730</ymax>
		</bndbox>
	</object>
	<object>
		<name>rust</name>
		<pose>Unspecified</pose>
		<truncated>0</truncated>
		<difficult>0</difficult>
		<bndbox>
			<xmin>212</xmin>
			<ymin>30</ymin>
			<xmax>769</xmax>
			<ymax>508</ymax>
		</bndbox>
	</object>
	<object>
		<name>rust</name>
		<pose>Unspecified</pose>
		<truncated>0</truncated>
		<difficult>0</difficult>
		<bndbox>
			<xmin>234</xmin>
			<ymin>742</ymin>
			<xmax>854</xmax>
			<ymax>1145</ymax>
		</bndbox>
	</object>
	<object>
		<name>rust</name>
		<pose>Unspecified</pose>
		<truncated>1</truncated>
		<difficult>0</difficult>
		<bndbox>
			<xmin>817</xmin>
			<ymin>33</ymin>
			<xmax>1200</xmax>
			<ymax>1204</ymax>
		</bndbox>
	</object>
</annotation>
