<annotation>
	<folder>data_damage_types</folder>
	<filename>img_1 (416).jpg</filename>
	<path>C:\IIT\FYP\DataSet\data_damage_types\img_1 (416).jpg</path>
	<source>
		<database>Unknown</database>
	</source>
	<size>
		<width>1280</width>
		<height>960</height>
		<depth>3</depth>
	</size>
	<segmented>0</segmented>
	<object>
		<name>dented</name>
		<pose>Unspecified</pose>
		<truncated>0</truncated>
		<difficult>0</difficult>
		<bndbox>
			<xmin>789</xmin>
			<ymin>603</ymin>
			<xmax>952</xmax>
			<ymax>651</ymax>
		</bndbox>
	</object>
	<object>
		<name>dented</name>
		<pose>Unspecified</pose>
		<truncated>0</truncated>
		<difficult>0</difficult>
		<bndbox>
			<xmin>892</xmin>
			<ymin>133</ymin>
			<xmax>959</xmax>
			<ymax>184</ymax>
		</bndbox>
	</object>
</annotation>
