<annotation>
	<folder>all_images_2</folder>
	<filename>img_1 (107).jpg</filename>
	<path>C:\DATASET\all_images_2\img_1 (107).jpg</path>
	<source>
		<database>Unknown</database>
	</source>
	<size>
		<width>1600</width>
		<height>1200</height>
		<depth>3</depth>
	</size>
	<segmented>0</segmented>
	<object>
		<name>bulged</name>
		<pose>Unspecified</pose>
		<truncated>0</truncated>
		<difficult>0</difficult>
		<bndbox>
			<xmin>684</xmin>
			<ymin>126</ymin>
			<xmax>905</xmax>
			<ymax>613</ymax>
		</bndbox>
	</object>
	<object>
		<name>bulged</name>
		<pose>Unspecified</pose>
		<truncated>0</truncated>
		<difficult>0</difficult>
		<bndbox>
			<xmin>604</xmin>
			<ymin>609</ymin>
			<xmax>767</xmax>
			<ymax>800</ymax>
		</bndbox>
	</object>
</annotation>
