<annotation>
	<folder>all_images_2</folder>
	<filename>img_1 (44).jpg</filename>
	<path>C:\DATASET\all_images_2\img_1 (44).jpg</path>
	<source>
		<database>Unknown</database>
	</source>
	<size>
		<width>1040</width>
		<height>780</height>
		<depth>3</depth>
	</size>
	<segmented>0</segmented>
	<object>
		<name>cut</name>
		<pose>Unspecified</pose>
		<truncated>0</truncated>
		<difficult>0</difficult>
		<bndbox>
			<xmin>600</xmin>
			<ymin>57</ymin>
			<xmax>830</xmax>
			<ymax>193</ymax>
		</bndbox>
	</object>
</annotation>
