<annotation>
	<folder>all_images_2</folder>
	<filename>img_1 (114).jpg</filename>
	<path>C:\DATASET\all_images_2\img_1 (114).jpg</path>
	<source>
		<database>Unknown</database>
	</source>
	<size>
		<width>780</width>
		<height>1040</height>
		<depth>3</depth>
	</size>
	<segmented>0</segmented>
	<object>
		<name>bulged</name>
		<pose>Unspecified</pose>
		<truncated>0</truncated>
		<difficult>0</difficult>
		<bndbox>
			<xmin>258</xmin>
			<ymin>262</ymin>
			<xmax>366</xmax>
			<ymax>555</ymax>
		</bndbox>
	</object>
	<object>
		<name>rust</name>
		<pose>Unspecified</pose>
		<truncated>0</truncated>
		<difficult>0</difficult>
		<bndbox>
			<xmin>212</xmin>
			<ymin>734</ymin>
			<xmax>260</xmax>
			<ymax>773</ymax>
		</bndbox>
	</object>
	<object>
		<name>rust</name>
		<pose>Unspecified</pose>
		<truncated>0</truncated>
		<difficult>0</difficult>
		<bndbox>
			<xmin>93</xmin>
			<ymin>765</ymin>
			<xmax>170</xmax>
			<ymax>796</ymax>
		</bndbox>
	</object>
</annotation>
