<annotation>
	<folder>data_damage_types</folder>
	<filename>img_1 (213).jpg</filename>
	<path>C:\IIT\FYP\DataSet\data_damage_types\img_1 (213).jpg</path>
	<source>
		<database>Unknown</database>
	</source>
	<size>
		<width>1600</width>
		<height>1200</height>
		<depth>3</depth>
	</size>
	<segmented>0</segmented>
	<object>
		<name>dented</name>
		<pose>Unspecified</pose>
		<truncated>0</truncated>
		<difficult>0</difficult>
		<bndbox>
			<xmin>906</xmin>
			<ymin>543</ymin>
			<xmax>1478</xmax>
			<ymax>706</ymax>
		</bndbox>
	</object>
	<object>
		<name>dented</name>
		<pose>Unspecified</pose>
		<truncated>0</truncated>
		<difficult>0</difficult>
		<bndbox>
			<xmin>1022</xmin>
			<ymin>780</ymin>
			<xmax>1445</xmax>
			<ymax>1022</ymax>
		</bndbox>
	</object>
	<object>
		<name>dented</name>
		<pose>Unspecified</pose>
		<truncated>0</truncated>
		<difficult>0</difficult>
		<bndbox>
			<xmin>562</xmin>
			<ymin>467</ymin>
			<xmax>898</xmax>
			<ymax>769</ymax>
		</bndbox>
	</object>
</annotation>
