<annotation>
	<folder>data_damage_types</folder>
	<filename>img_1 (300).jpg</filename>
	<path>C:\IIT\FYP\DataSet\data_damage_types\img_1 (300).jpg</path>
	<source>
		<database>Unknown</database>
	</source>
	<size>
		<width>960</width>
		<height>1280</height>
		<depth>3</depth>
	</size>
	<segmented>0</segmented>
	<object>
		<name>bulged</name>
		<pose>Unspecified</pose>
		<truncated>0</truncated>
		<difficult>0</difficult>
		<bndbox>
			<xmin>164</xmin>
			<ymin>469</ymin>
			<xmax>525</xmax>
			<ymax>961</ymax>
		</bndbox>
	</object>
</annotation>
