<annotation>
	<folder>data_damage_types</folder>
	<filename>img_1 (431).jpg</filename>
	<path>C:\IIT\FYP\DataSet\data_damage_types\img_1 (431).jpg</path>
	<source>
		<database>Unknown</database>
	</source>
	<size>
		<width>1600</width>
		<height>900</height>
		<depth>3</depth>
	</size>
	<segmented>0</segmented>
	<object>
		<name>cut</name>
		<pose>Unspecified</pose>
		<truncated>0</truncated>
		<difficult>0</difficult>
		<bndbox>
			<xmin>1065</xmin>
			<ymin>548</ymin>
			<xmax>1143</xmax>
			<ymax>628</ymax>
		</bndbox>
	</object>
	<object>
		<name>bulged</name>
		<pose>Unspecified</pose>
		<truncated>0</truncated>
		<difficult>0</difficult>
		<bndbox>
			<xmin>591</xmin>
			<ymin>311</ymin>
			<xmax>1048</xmax>
			<ymax>501</ymax>
		</bndbox>
	</object>
</annotation>
