<annotation>
	<folder>all_images_2</folder>
	<filename>img_1 (106).jpg</filename>
	<path>C:\DATASET\all_images_2\img_1 (106).jpg</path>
	<source>
		<database>Unknown</database>
	</source>
	<size>
		<width>1600</width>
		<height>1200</height>
		<depth>3</depth>
	</size>
	<segmented>0</segmented>
	<object>
		<name>bulged</name>
		<pose>Unspecified</pose>
		<truncated>0</truncated>
		<difficult>0</difficult>
		<bndbox>
			<xmin>640</xmin>
			<ymin>117</ymin>
			<xmax>966</xmax>
			<ymax>845</ymax>
		</bndbox>
	</object>
	<object>
		<name>bulged</name>
		<pose>Unspecified</pose>
		<truncated>0</truncated>
		<difficult>0</difficult>
		<bndbox>
			<xmin>536</xmin>
			<ymin>569</ymin>
			<xmax>635</xmax>
			<ymax>920</ymax>
		</bndbox>
	</object>
</annotation>
