<annotation>
	<folder>data_damage_types</folder>
	<filename>img_1 (229).jpg</filename>
	<path>C:\IIT\FYP\DataSet\data_damage_types\img_1 (229).jpg</path>
	<source>
		<database>Unknown</database>
	</source>
	<size>
		<width>1280</width>
		<height>960</height>
		<depth>3</depth>
	</size>
	<segmented>0</segmented>
	<object>
		<name>cut</name>
		<pose>Unspecified</pose>
		<truncated>0</truncated>
		<difficult>0</difficult>
		<bndbox>
			<xmin>289</xmin>
			<ymin>318</ymin>
			<xmax>584</xmax>
			<ymax>492</ymax>
		</bndbox>
	</object>
	<object>
		<name>dented</name>
		<pose>Unspecified</pose>
		<truncated>0</truncated>
		<difficult>0</difficult>
		<bndbox>
			<xmin>860</xmin>
			<ymin>509</ymin>
			<xmax>1006</xmax>
			<ymax>595</ymax>
		</bndbox>
	</object>
	<object>
		<name>cut</name>
		<pose>Unspecified</pose>
		<truncated>0</truncated>
		<difficult>0</difficult>
		<bndbox>
			<xmin>272</xmin>
			<ymin>496</ymin>
			<xmax>499</xmax>
			<ymax>631</ymax>
		</bndbox>
	</object>
</annotation>
