<annotation>
	<folder>data_damage_types</folder>
	<filename>img_1 (324).jpg</filename>
	<path>C:\IIT\FYP\DataSet\data_damage_types\img_1 (324).jpg</path>
	<source>
		<database>Unknown</database>
	</source>
	<size>
		<width>1600</width>
		<height>1200</height>
		<depth>3</depth>
	</size>
	<segmented>0</segmented>
	<object>
		<name>bulged</name>
		<pose>Unspecified</pose>
		<truncated>0</truncated>
		<difficult>0</difficult>
		<bndbox>
			<xmin>1036</xmin>
			<ymin>321</ymin>
			<xmax>1211</xmax>
			<ymax>802</ymax>
		</bndbox>
	</object>
	<object>
		<name>dented</name>
		<pose>Unspecified</pose>
		<truncated>0</truncated>
		<difficult>0</difficult>
		<bndbox>
			<xmin>583</xmin>
			<ymin>536</ymin>
			<xmax>1142</xmax>
			<ymax>733</ymax>
		</bndbox>
	</object>
	<object>
		<name>dented</name>
		<pose>Unspecified</pose>
		<truncated>0</truncated>
		<difficult>0</difficult>
		<bndbox>
			<xmin>733</xmin>
			<ymin>823</ymin>
			<xmax>841</xmax>
			<ymax>890</ymax>
		</bndbox>
	</object>
	<object>
		<name>dented</name>
		<pose>Unspecified</pose>
		<truncated>0</truncated>
		<difficult>0</difficult>
		<bndbox>
			<xmin>531</xmin>
			<ymin>773</ymin>
			<xmax>737</xmax>
			<ymax>929</ymax>
		</bndbox>
	</object>
</annotation>
