<annotation>
	<folder>all_images_2</folder>
	<filename>img_1 (161).jpg</filename>
	<path>C:\DATASET\all_images_2\img_1 (161).jpg</path>
	<source>
		<database>Unknown</database>
	</source>
	<size>
		<width>1170</width>
		<height>2080</height>
		<depth>3</depth>
	</size>
	<segmented>0</segmented>
	<object>
		<name>rust</name>
		<pose>Unspecified</pose>
		<truncated>0</truncated>
		<difficult>0</difficult>
		<bndbox>
			<xmin>678</xmin>
			<ymin>1313</ymin>
			<xmax>835</xmax>
			<ymax>1463</ymax>
		</bndbox>
	</object>
	<object>
		<name>rust</name>
		<pose>Unspecified</pose>
		<truncated>0</truncated>
		<difficult>0</difficult>
		<bndbox>
			<xmin>870</xmin>
			<ymin>1132</ymin>
			<xmax>972</xmax>
			<ymax>1543</ymax>
		</bndbox>
	</object>
	<object>
		<name>rust</name>
		<pose>Unspecified</pose>
		<truncated>0</truncated>
		<difficult>0</difficult>
		<bndbox>
			<xmin>696</xmin>
			<ymin>358</ymin>
			<xmax>857</xmax>
			<ymax>1141</ymax>
		</bndbox>
	</object>
</annotation>
