<annotation>
	<folder>all_images_2</folder>
	<filename>img_1 (131).jpg</filename>
	<path>C:\DATASET\all_images_2\img_1 (131).jpg</path>
	<source>
		<database>Unknown</database>
	</source>
	<size>
		<width>2080</width>
		<height>1560</height>
		<depth>3</depth>
	</size>
	<segmented>0</segmented>
	<object>
		<name>hole</name>
		<pose>Unspecified</pose>
		<truncated>0</truncated>
		<difficult>0</difficult>
		<bndbox>
			<xmin>312</xmin>
			<ymin>886</ymin>
			<xmax>645</xmax>
			<ymax>1223</ymax>
		</bndbox>
	</object>
</annotation>
