<annotation>
	<folder>data_damage_types</folder>
	<filename>img_1 (246).jpg</filename>
	<path>C:\IIT\FYP\DataSet\data_damage_types\img_1 (246).jpg</path>
	<source>
		<database>Unknown</database>
	</source>
	<size>
		<width>1600</width>
		<height>1200</height>
		<depth>3</depth>
	</size>
	<segmented>0</segmented>
	<object>
		<name>cut</name>
		<pose>Unspecified</pose>
		<truncated>0</truncated>
		<difficult>0</difficult>
		<bndbox>
			<xmin>494</xmin>
			<ymin>344</ymin>
			<xmax>731</xmax>
			<ymax>638</ymax>
		</bndbox>
	</object>
	<object>
		<name>cut</name>
		<pose>Unspecified</pose>
		<truncated>0</truncated>
		<difficult>0</difficult>
		<bndbox>
			<xmin>166</xmin>
			<ymin>376</ymin>
			<xmax>207</xmax>
			<ymax>439</ymax>
		</bndbox>
	</object>
	<object>
		<name>dented</name>
		<pose>Unspecified</pose>
		<truncated>0</truncated>
		<difficult>0</difficult>
		<bndbox>
			<xmin>81</xmin>
			<ymin>556</ymin>
			<xmax>931</xmax>
			<ymax>756</ymax>
		</bndbox>
	</object>
</annotation>
