<annotation>
	<folder>all_images_2</folder>
	<filename>img_1 (22).jpg</filename>
	<path>C:\DATASET\all_images_2\img_1 (22).jpg</path>
	<source>
		<database>Unknown</database>
	</source>
	<size>
		<width>590</width>
		<height>1280</height>
		<depth>3</depth>
	</size>
	<segmented>0</segmented>
	<object>
		<name>dented</name>
		<pose>Unspecified</pose>
		<truncated>0</truncated>
		<difficult>0</difficult>
		<bndbox>
			<xmin>329</xmin>
			<ymin>251</ymin>
			<xmax>445</xmax>
			<ymax>515</ymax>
		</bndbox>
	</object>
	<object>
		<name>bulged</name>
		<pose>Unspecified</pose>
		<truncated>0</truncated>
		<difficult>0</difficult>
		<bndbox>
			<xmin>319</xmin>
			<ymin>559</ymin>
			<xmax>448</xmax>
			<ymax>1011</ymax>
		</bndbox>
	</object>
</annotation>
