<annotation>
	<folder>all_images_2</folder>
	<filename>img_1 (108).jpg</filename>
	<path>C:\DATASET\all_images_2\img_1 (108).jpg</path>
	<source>
		<database>Unknown</database>
	</source>
	<size>
		<width>1600</width>
		<height>1200</height>
		<depth>3</depth>
	</size>
	<segmented>0</segmented>
	<object>
		<name>bulged</name>
		<pose>Unspecified</pose>
		<truncated>0</truncated>
		<difficult>0</difficult>
		<bndbox>
			<xmin>578</xmin>
			<ymin>95</ymin>
			<xmax>1064</xmax>
			<ymax>614</ymax>
		</bndbox>
	</object>
	<object>
		<name>bulged</name>
		<pose>Unspecified</pose>
		<truncated>0</truncated>
		<difficult>0</difficult>
		<bndbox>
			<xmin>213</xmin>
			<ymin>512</ymin>
			<xmax>543</xmax>
			<ymax>886</ymax>
		</bndbox>
	</object>
</annotation>
