<annotation>
	<folder>data_damage_types</folder>
	<filename>img_1 (371).jpg</filename>
	<path>C:\IIT\FYP\DataSet\data_damage_types\img_1 (371).jpg</path>
	<source>
		<database>Unknown</database>
	</source>
	<size>
		<width>780</width>
		<height>1040</height>
		<depth>3</depth>
	</size>
	<segmented>0</segmented>
	<object>
		<name>bulged</name>
		<pose>Unspecified</pose>
		<truncated>0</truncated>
		<difficult>0</difficult>
		<bndbox>
			<xmin>126</xmin>
			<ymin>91</ymin>
			<xmax>304</xmax>
			<ymax>402</ymax>
		</bndbox>
	</object>
	<object>
		<name>dented</name>
		<pose>Unspecified</pose>
		<truncated>0</truncated>
		<difficult>0</difficult>
		<bndbox>
			<xmin>229</xmin>
			<ymin>233</ymin>
			<xmax>467</xmax>
			<ymax>589</ymax>
		</bndbox>
	</object>
</annotation>
