<annotation>
	<folder>data_damage_types</folder>
	<filename>img_1 (247).jpg</filename>
	<path>C:\IIT\FYP\DataSet\data_damage_types\img_1 (247).jpg</path>
	<source>
		<database>Unknown</database>
	</source>
	<size>
		<width>1280</width>
		<height>960</height>
		<depth>3</depth>
	</size>
	<segmented>0</segmented>
	<object>
		<name>dented</name>
		<pose>Unspecified</pose>
		<truncated>0</truncated>
		<difficult>0</difficult>
		<bndbox>
			<xmin>713</xmin>
			<ymin>541</ymin>
			<xmax>868</xmax>
			<ymax>627</ymax>
		</bndbox>
	</object>
	<object>
		<name>dented</name>
		<pose>Unspecified</pose>
		<truncated>0</truncated>
		<difficult>0</difficult>
		<bndbox>
			<xmin>257</xmin>
			<ymin>520</ymin>
			<xmax>313</xmax>
			<ymax>570</ymax>
		</bndbox>
	</object>
</annotation>
