<annotation>
	<folder>all_images_2</folder>
	<filename>img_1 (46).jpg</filename>
	<path>C:\DATASET\all_images_2\img_1 (46).jpg</path>
	<source>
		<database>Unknown</database>
	</source>
	<size>
		<width>768</width>
		<height>1024</height>
		<depth>3</depth>
	</size>
	<segmented>0</segmented>
	<object>
		<name>cut</name>
		<pose>Unspecified</pose>
		<truncated>0</truncated>
		<difficult>0</difficult>
		<bndbox>
			<xmin>518</xmin>
			<ymin>58</ymin>
			<xmax>614</xmax>
			<ymax>968</ymax>
		</bndbox>
	</object>
</annotation>
