<annotation>
	<folder>all_images_2</folder>
	<filename>img_1 (160).jpg</filename>
	<path>C:\DATASET\all_images_2\img_1 (160).jpg</path>
	<source>
		<database>Unknown</database>
	</source>
	<size>
		<width>2080</width>
		<height>1170</height>
		<depth>3</depth>
	</size>
	<segmented>0</segmented>
	<object>
		<name>dented</name>
		<pose>Unspecified</pose>
		<truncated>0</truncated>
		<difficult>0</difficult>
		<bndbox>
			<xmin>471</xmin>
			<ymin>108</ymin>
			<xmax>751</xmax>
			<ymax>361</ymax>
		</bndbox>
	</object>
	<object>
		<name>dented</name>
		<pose>Unspecified</pose>
		<truncated>0</truncated>
		<difficult>0</difficult>
		<bndbox>
			<xmin>388</xmin>
			<ymin>639</ymin>
			<xmax>997</xmax>
			<ymax>717</ymax>
		</bndbox>
	</object>
</annotation>
