<annotation>
	<folder>data_damage_types</folder>
	<filename>img_1 (221).jpg</filename>
	<path>C:\IIT\FYP\DataSet\data_damage_types\img_1 (221).jpg</path>
	<source>
		<database>Unknown</database>
	</source>
	<size>
		<width>1040</width>
		<height>780</height>
		<depth>3</depth>
	</size>
	<segmented>0</segmented>
	<object>
		<name>bulged</name>
		<pose>Unspecified</pose>
		<truncated>0</truncated>
		<difficult>0</difficult>
		<bndbox>
			<xmin>735</xmin>
			<ymin>398</ymin>
			<xmax>854</xmax>
			<ymax>458</ymax>
		</bndbox>
	</object>
	<object>
		<name>rust</name>
		<pose>Unspecified</pose>
		<truncated>0</truncated>
		<difficult>0</difficult>
		<bndbox>
			<xmin>604</xmin>
			<ymin>343</ymin>
			<xmax>749</xmax>
			<ymax>401</ymax>
		</bndbox>
	</object>
	<object>
		<name>rust</name>
		<pose>Unspecified</pose>
		<truncated>0</truncated>
		<difficult>0</difficult>
		<bndbox>
			<xmin>335</xmin>
			<ymin>403</ymin>
			<xmax>420</xmax>
			<ymax>490</ymax>
		</bndbox>
	</object>
	<object>
		<name>rust</name>
		<pose>Unspecified</pose>
		<truncated>0</truncated>
		<difficult>0</difficult>
		<bndbox>
			<xmin>406</xmin>
			<ymin>258</ymin>
			<xmax>458</xmax>
			<ymax>377</ymax>
		</bndbox>
	</object>
</annotation>
