<annotation>
	<folder>all_images_2</folder>
	<filename>img_1 (101).jpg</filename>
	<path>C:\DATASET\all_images_2\img_1 (101).jpg</path>
	<source>
		<database>Unknown</database>
	</source>
	<size>
		<width>1600</width>
		<height>1200</height>
		<depth>3</depth>
	</size>
	<segmented>0</segmented>
	<object>
		<name>bulged</name>
		<pose>Unspecified</pose>
		<truncated>0</truncated>
		<difficult>0</difficult>
		<bndbox>
			<xmin>853</xmin>
			<ymin>100</ymin>
			<xmax>1005</xmax>
			<ymax>259</ymax>
		</bndbox>
	</object>
	<object>
		<name>bulged</name>
		<pose>Unspecified</pose>
		<truncated>0</truncated>
		<difficult>0</difficult>
		<bndbox>
			<xmin>323</xmin>
			<ymin>357</ymin>
			<xmax>849</xmax>
			<ymax>864</ymax>
		</bndbox>
	</object>
</annotation>
