<annotation>
	<folder>data_damage_types</folder>
	<filename>img_1 (383).jpg</filename>
	<path>C:\IIT\FYP\DataSet\data_damage_types\img_1 (383).jpg</path>
	<source>
		<database>Unknown</database>
	</source>
	<size>
		<width>768</width>
		<height>1024</height>
		<depth>3</depth>
	</size>
	<segmented>0</segmented>
	<object>
		<name>cut</name>
		<pose>Unspecified</pose>
		<truncated>0</truncated>
		<difficult>0</difficult>
		<bndbox>
			<xmin>313</xmin>
			<ymin>542</ymin>
			<xmax>423</xmax>
			<ymax>632</ymax>
		</bndbox>
	</object>
	<object>
		<name>cut</name>
		<pose>Unspecified</pose>
		<truncated>0</truncated>
		<difficult>0</difficult>
		<bndbox>
			<xmin>329</xmin>
			<ymin>247</ymin>
			<xmax>453</xmax>
			<ymax>308</ymax>
		</bndbox>
	</object>
</annotation>
