<annotation>
	<folder>all_images_2</folder>
	<filename>img_1 (175).jpg</filename>
	<path>C:\DATASET\all_images_2\img_1 (175).jpg</path>
	<source>
		<database>Unknown</database>
	</source>
	<size>
		<width>1170</width>
		<height>2080</height>
		<depth>3</depth>
	</size>
	<segmented>0</segmented>
	<object>
		<name>cut</name>
		<pose>Unspecified</pose>
		<truncated>0</truncated>
		<difficult>0</difficult>
		<bndbox>
			<xmin>474</xmin>
			<ymin>582</ymin>
			<xmax>568</xmax>
			<ymax>752</ymax>
		</bndbox>
	</object>
</annotation>
