<annotation>
	<folder>all_images_2</folder>
	<filename>img_1 (38).jpg</filename>
	<path>C:\DATASET\all_images_2\img_1 (38).jpg</path>
	<source>
		<database>Unknown</database>
	</source>
	<size>
		<width>1600</width>
		<height>721</height>
		<depth>3</depth>
	</size>
	<segmented>0</segmented>
	<object>
		<name>bulged</name>
		<pose>Unspecified</pose>
		<truncated>0</truncated>
		<difficult>0</difficult>
		<bndbox>
			<xmin>554</xmin>
			<ymin>93</ymin>
			<xmax>668</xmax>
			<ymax>425</ymax>
		</bndbox>
	</object>
	<object>
		<name>dented</name>
		<pose>Unspecified</pose>
		<truncated>0</truncated>
		<difficult>0</difficult>
		<bndbox>
			<xmin>1044</xmin>
			<ymin>570</ymin>
			<xmax>1097</xmax>
			<ymax>598</ymax>
		</bndbox>
	</object>
	<object>
		<name>dented</name>
		<pose>Unspecified</pose>
		<truncated>0</truncated>
		<difficult>0</difficult>
		<bndbox>
			<xmin>1301</xmin>
			<ymin>583</ymin>
			<xmax>1353</xmax>
			<ymax>619</ymax>
		</bndbox>
	</object>
</annotation>
