<annotation>
	<folder>data_damage_types</folder>
	<filename>img_1 (231).jpg</filename>
	<path>C:\IIT\FYP\DataSet\data_damage_types\img_1 (231).jpg</path>
	<source>
		<database>Unknown</database>
	</source>
	<size>
		<width>1280</width>
		<height>960</height>
		<depth>3</depth>
	</size>
	<segmented>0</segmented>
	<object>
		<name>cut</name>
		<pose>Unspecified</pose>
		<truncated>0</truncated>
		<difficult>0</difficult>
		<bndbox>
			<xmin>334</xmin>
			<ymin>499</ymin>
			<xmax>510</xmax>
			<ymax>628</ymax>
		</bndbox>
	</object>
	<object>
		<name>cut</name>
		<pose>Unspecified</pose>
		<truncated>0</truncated>
		<difficult>0</difficult>
		<bndbox>
			<xmin>294</xmin>
			<ymin>324</ymin>
			<xmax>612</xmax>
			<ymax>487</ymax>
		</bndbox>
	</object>
</annotation>
