<annotation>
	<folder>all_images_2</folder>
	<filename>img_1 (37).jpg</filename>
	<path>C:\DATASET\all_images_2\img_1 (37).jpg</path>
	<source>
		<database>Unknown</database>
	</source>
	<size>
		<width>721</width>
		<height>1600</height>
		<depth>3</depth>
	</size>
	<segmented>0</segmented>
	<object>
		<name>bulged</name>
		<pose>Unspecified</pose>
		<truncated>0</truncated>
		<difficult>0</difficult>
		<bndbox>
			<xmin>594</xmin>
			<ymin>670</ymin>
			<xmax>652</xmax>
			<ymax>1015</ymax>
		</bndbox>
	</object>
</annotation>
