<annotation>
	<folder>all_images_2</folder>
	<filename>img_1 (113).jpg</filename>
	<path>C:\DATASET\all_images_2\img_1 (113).jpg</path>
	<source>
		<database>Unknown</database>
	</source>
	<size>
		<width>780</width>
		<height>1040</height>
		<depth>3</depth>
	</size>
	<segmented>0</segmented>
	<object>
		<name>bulged</name>
		<pose>Unspecified</pose>
		<truncated>0</truncated>
		<difficult>0</difficult>
		<bndbox>
			<xmin>367</xmin>
			<ymin>274</ymin>
			<xmax>504</xmax>
			<ymax>567</ymax>
		</bndbox>
	</object>
	<object>
		<name>rust</name>
		<pose>Unspecified</pose>
		<truncated>0</truncated>
		<difficult>0</difficult>
		<bndbox>
			<xmin>463</xmin>
			<ymin>757</ymin>
			<xmax>545</xmax>
			<ymax>859</ymax>
		</bndbox>
	</object>
	<object>
		<name>rust</name>
		<pose>Unspecified</pose>
		<truncated>0</truncated>
		<difficult>0</difficult>
		<bndbox>
			<xmin>221</xmin>
			<ymin>735</ymin>
			<xmax>269</xmax>
			<ymax>781</ymax>
		</bndbox>
	</object>
	<object>
		<name>rust</name>
		<pose>Unspecified</pose>
		<truncated>0</truncated>
		<difficult>0</difficult>
		<bndbox>
			<xmin>291</xmin>
			<ymin>767</ymin>
			<xmax>328</xmax>
			<ymax>802</ymax>
		</bndbox>
	</object>
</annotation>
