<annotation>
	<folder>data_damage_types</folder>
	<filename>img_1 (398).jpg</filename>
	<path>C:\IIT\FYP\DataSet\data_damage_types\img_1 (398).jpg</path>
	<source>
		<database>Unknown</database>
	</source>
	<size>
		<width>1024</width>
		<height>768</height>
		<depth>3</depth>
	</size>
	<segmented>0</segmented>
	<object>
		<name>dented</name>
		<pose>Unspecified</pose>
		<truncated>0</truncated>
		<difficult>0</difficult>
		<bndbox>
			<xmin>473</xmin>
			<ymin>328</ymin>
			<xmax>575</xmax>
			<ymax>403</ymax>
		</bndbox>
	</object>
	<object>
		<name>dented</name>
		<pose>Unspecified</pose>
		<truncated>0</truncated>
		<difficult>0</difficult>
		<bndbox>
			<xmin>398</xmin>
			<ymin>436</ymin>
			<xmax>510</xmax>
			<ymax>516</ymax>
		</bndbox>
	</object>
	<object>
		<name>dented</name>
		<pose>Unspecified</pose>
		<truncated>0</truncated>
		<difficult>0</difficult>
		<bndbox>
			<xmin>486</xmin>
			<ymin>569</ymin>
			<xmax>598</xmax>
			<ymax>628</ymax>
		</bndbox>
	</object>
	<object>
		<name>dented</name>
		<pose>Unspecified</pose>
		<truncated>0</truncated>
		<difficult>0</difficult>
		<bndbox>
			<xmin>268</xmin>
			<ymin>309</ymin>
			<xmax>414</xmax>
			<ymax>361</ymax>
		</bndbox>
	</object>
</annotation>
