<annotation>
	<folder>data_damage_types</folder>
	<filename>img_1 (258).jpg</filename>
	<path>C:\IIT\FYP\DataSet\data_damage_types\img_1 (258).jpg</path>
	<source>
		<database>Unknown</database>
	</source>
	<size>
		<width>960</width>
		<height>1280</height>
		<depth>3</depth>
	</size>
	<segmented>0</segmented>
	<object>
		<name>cut</name>
		<pose>Unspecified</pose>
		<truncated>0</truncated>
		<difficult>0</difficult>
		<bndbox>
			<xmin>643</xmin>
			<ymin>526</ymin>
			<xmax>718</xmax>
			<ymax>649</ymax>
		</bndbox>
	</object>
	<object>
		<name>cut</name>
		<pose>Unspecified</pose>
		<truncated>0</truncated>
		<difficult>0</difficult>
		<bndbox>
			<xmin>421</xmin>
			<ymin>100</ymin>
			<xmax>518</xmax>
			<ymax>238</ymax>
		</bndbox>
	</object>
	<object>
		<name>cut</name>
		<pose>Unspecified</pose>
		<truncated>0</truncated>
		<difficult>0</difficult>
		<bndbox>
			<xmin>71</xmin>
			<ymin>145</ymin>
			<xmax>206</xmax>
			<ymax>430</ymax>
		</bndbox>
	</object>
</annotation>
