<annotation>
	<folder>data_damage_types</folder>
	<filename>img_1 (239).jpg</filename>
	<path>C:\IIT\FYP\DataSet\data_damage_types\img_1 (239).jpg</path>
	<source>
		<database>Unknown</database>
	</source>
	<size>
		<width>938</width>
		<height>1209</height>
		<depth>3</depth>
	</size>
	<segmented>0</segmented>
	<object>
		<name>dented</name>
		<pose>Unspecified</pose>
		<truncated>0</truncated>
		<difficult>0</difficult>
		<bndbox>
			<xmin>221</xmin>
			<ymin>156</ymin>
			<xmax>364</xmax>
			<ymax>264</ymax>
		</bndbox>
	</object>
	<object>
		<name>dented</name>
		<pose>Unspecified</pose>
		<truncated>0</truncated>
		<difficult>0</difficult>
		<bndbox>
			<xmin>382</xmin>
			<ymin>305</ymin>
			<xmax>537</xmax>
			<ymax>547</ymax>
		</bndbox>
	</object>
	<object>
		<name>dented</name>
		<pose>Unspecified</pose>
		<truncated>0</truncated>
		<difficult>0</difficult>
		<bndbox>
			<xmin>507</xmin>
			<ymin>736</ymin>
			<xmax>746</xmax>
			<ymax>867</ymax>
		</bndbox>
	</object>
</annotation>
