<annotation>
	<folder>all_images_2</folder>
	<filename>img_1 (148).jpg</filename>
	<path>C:\DATASET\all_images_2\img_1 (148).jpg</path>
	<source>
		<database>Unknown</database>
	</source>
	<size>
		<width>1560</width>
		<height>2080</height>
		<depth>3</depth>
	</size>
	<segmented>0</segmented>
	<object>
		<name>cut</name>
		<pose>Unspecified</pose>
		<truncated>0</truncated>
		<difficult>0</difficult>
		<bndbox>
			<xmin>486</xmin>
			<ymin>104</ymin>
			<xmax>1252</xmax>
			<ymax>1874</ymax>
		</bndbox>
	</object>
</annotation>
