<annotation>
	<folder>all_images_2</folder>
	<filename>img_1 (120).jpg</filename>
	<path>C:\DATASET\all_images_2\img_1 (120).jpg</path>
	<source>
		<database>Unknown</database>
	</source>
	<size>
		<width>1024</width>
		<height>768</height>
		<depth>3</depth>
	</size>
	<segmented>0</segmented>
	<object>
		<name>bulged</name>
		<pose>Unspecified</pose>
		<truncated>0</truncated>
		<difficult>0</difficult>
		<bndbox>
			<xmin>496</xmin>
			<ymin>161</ymin>
			<xmax>565</xmax>
			<ymax>350</ymax>
		</bndbox>
	</object>
	<object>
		<name>dented</name>
		<pose>Unspecified</pose>
		<truncated>0</truncated>
		<difficult>0</difficult>
		<bndbox>
			<xmin>531</xmin>
			<ymin>368</ymin>
			<xmax>612</xmax>
			<ymax>399</ymax>
		</bndbox>
	</object>
</annotation>
