<annotation>
	<folder>all_images_2</folder>
	<filename>img_1 (194).jpg</filename>
	<path>C:\DATASET\all_images_2\img_1 (194).jpg</path>
	<source>
		<database>Unknown</database>
	</source>
	<size>
		<width>2448</width>
		<height>3264</height>
		<depth>3</depth>
	</size>
	<segmented>0</segmented>
	<object>
		<name>cut</name>
		<pose>Unspecified</pose>
		<truncated>0</truncated>
		<difficult>0</difficult>
		<bndbox>
			<xmin>1282</xmin>
			<ymin>1737</ymin>
			<xmax>1523</xmax>
			<ymax>2258</ymax>
		</bndbox>
	</object>
</annotation>
