<annotation>
	<folder>data_damage_types</folder>
	<filename>img_1 (226).jpg</filename>
	<path>C:\IIT\FYP\DataSet\data_damage_types\img_1 (226).jpg</path>
	<source>
		<database>Unknown</database>
	</source>
	<size>
		<width>1280</width>
		<height>959</height>
		<depth>3</depth>
	</size>
	<segmented>0</segmented>
	<object>
		<name>hole</name>
		<pose>Unspecified</pose>
		<truncated>0</truncated>
		<difficult>0</difficult>
		<bndbox>
			<xmin>9</xmin>
			<ymin>277</ymin>
			<xmax>89</xmax>
			<ymax>355</ymax>
		</bndbox>
	</object>
	<object>
		<name>hole</name>
		<pose>Unspecified</pose>
		<truncated>0</truncated>
		<difficult>0</difficult>
		<bndbox>
			<xmin>1220</xmin>
			<ymin>332</ymin>
			<xmax>1277</xmax>
			<ymax>394</ymax>
		</bndbox>
	</object>
</annotation>
