<annotation>
	<folder>data_damage_types</folder>
	<filename>img_1 (242).jpg</filename>
	<path>C:\IIT\FYP\DataSet\data_damage_types\img_1 (242).jpg</path>
	<source>
		<database>Unknown</database>
	</source>
	<size>
		<width>1600</width>
		<height>1200</height>
		<depth>3</depth>
	</size>
	<segmented>0</segmented>
	<object>
		<name>cut</name>
		<pose>Unspecified</pose>
		<truncated>0</truncated>
		<difficult>0</difficult>
		<bndbox>
			<xmin>553</xmin>
			<ymin>268</ymin>
			<xmax>1044</xmax>
			<ymax>835</ymax>
		</bndbox>
	</object>
	<object>
		<name>cut</name>
		<pose>Unspecified</pose>
		<truncated>0</truncated>
		<difficult>0</difficult>
		<bndbox>
			<xmin>86</xmin>
			<ymin>459</ymin>
			<xmax>225</xmax>
			<ymax>624</ymax>
		</bndbox>
	</object>
	<object>
		<name>cut</name>
		<pose>Unspecified</pose>
		<truncated>0</truncated>
		<difficult>0</difficult>
		<bndbox>
			<xmin>348</xmin>
			<ymin>432</ymin>
			<xmax>429</xmax>
			<ymax>620</ymax>
		</bndbox>
	</object>
	<object>
		<name>bulged</name>
		<pose>Unspecified</pose>
		<truncated>0</truncated>
		<difficult>0</difficult>
		<bndbox>
			<xmin>1296</xmin>
			<ymin>808</ymin>
			<xmax>1543</xmax>
			<ymax>1063</ymax>
		</bndbox>
	</object>
	<object>
		<name>bulged</name>
		<pose>Unspecified</pose>
		<truncated>0</truncated>
		<difficult>0</difficult>
		<bndbox>
			<xmin>184</xmin>
			<ymin>699</ymin>
			<xmax>620</xmax>
			<ymax>1095</ymax>
		</bndbox>
	</object>
</annotation>
