<annotation>
	<folder>data_damage_types</folder>
	<filename>img_1 (222).jpg</filename>
	<path>C:\IIT\FYP\DataSet\data_damage_types\img_1 (222).jpg</path>
	<source>
		<database>Unknown</database>
	</source>
	<size>
		<width>1040</width>
		<height>780</height>
		<depth>3</depth>
	</size>
	<segmented>0</segmented>
	<object>
		<name>dented</name>
		<pose>Unspecified</pose>
		<truncated>0</truncated>
		<difficult>0</difficult>
		<bndbox>
			<xmin>251</xmin>
			<ymin>146</ymin>
			<xmax>554</xmax>
			<ymax>343</ymax>
		</bndbox>
	</object>
	<object>
		<name>bulged</name>
		<pose>Unspecified</pose>
		<truncated>0</truncated>
		<difficult>0</difficult>
		<bndbox>
			<xmin>538</xmin>
			<ymin>50</ymin>
			<xmax>830</xmax>
			<ymax>177</ymax>
		</bndbox>
	</object>
	<object>
		<name>bulged</name>
		<pose>Unspecified</pose>
		<truncated>0</truncated>
		<difficult>0</difficult>
		<bndbox>
			<xmin>135</xmin>
			<ymin>40</ymin>
			<xmax>456</xmax>
			<ymax>124</ymax>
		</bndbox>
	</object>
	<object>
		<name>rust</name>
		<pose>Unspecified</pose>
		<truncated>0</truncated>
		<difficult>0</difficult>
		<bndbox>
			<xmin>923</xmin>
			<ymin>53</ymin>
			<xmax>1027</xmax>
			<ymax>173</ymax>
		</bndbox>
	</object>
</annotation>
