<annotation>
	<folder>data_damage_types</folder>
	<filename>img_1 (384).jpg</filename>
	<path>C:\IIT\FYP\DataSet\data_damage_types\img_1 (384).jpg</path>
	<source>
		<database>Unknown</database>
	</source>
	<size>
		<width>1024</width>
		<height>768</height>
		<depth>3</depth>
	</size>
	<segmented>0</segmented>
	<object>
		<name>dented</name>
		<pose>Unspecified</pose>
		<truncated>0</truncated>
		<difficult>0</difficult>
		<bndbox>
			<xmin>215</xmin>
			<ymin>662</ymin>
			<xmax>550</xmax>
			<ymax>725</ymax>
		</bndbox>
	</object>
	<object>
		<name>dented</name>
		<pose>Unspecified</pose>
		<truncated>0</truncated>
		<difficult>0</difficult>
		<bndbox>
			<xmin>328</xmin>
			<ymin>546</ymin>
			<xmax>385</xmax>
			<ymax>569</ymax>
		</bndbox>
	</object>
	<object>
		<name>dented</name>
		<pose>Unspecified</pose>
		<truncated>0</truncated>
		<difficult>0</difficult>
		<bndbox>
			<xmin>490</xmin>
			<ymin>517</ymin>
			<xmax>557</xmax>
			<ymax>557</ymax>
		</bndbox>
	</object>
	<object>
		<name>dented</name>
		<pose>Unspecified</pose>
		<truncated>0</truncated>
		<difficult>0</difficult>
		<bndbox>
			<xmin>511</xmin>
			<ymin>565</ymin>
			<xmax>644</xmax>
			<ymax>655</ymax>
		</bndbox>
	</object>
</annotation>
