<annotation>
	<folder>all_images_2</folder>
	<filename>img_1 (10).jpg</filename>
	<path>C:\DATASET\all_images_2\img_1 (10).jpg</path>
	<source>
		<database>Unknown</database>
	</source>
	<size>
		<width>976</width>
		<height>2064</height>
		<depth>3</depth>
	</size>
	<segmented>0</segmented>
	<object>
		<name>bulged</name>
		<pose>Unspecified</pose>
		<truncated>0</truncated>
		<difficult>0</difficult>
		<bndbox>
			<xmin>531</xmin>
			<ymin>1253</ymin>
			<xmax>705</xmax>
			<ymax>1326</ymax>
		</bndbox>
	</object>
</annotation>
