<annotation>
	<folder>data_damage_types</folder>
	<filename>img_1 (432).jpg</filename>
	<path>C:\IIT\FYP\DataSet\data_damage_types\img_1 (432).jpg</path>
	<source>
		<database>Unknown</database>
	</source>
	<size>
		<width>1600</width>
		<height>900</height>
		<depth>3</depth>
	</size>
	<segmented>0</segmented>
	<object>
		<name>cut</name>
		<pose>Unspecified</pose>
		<truncated>0</truncated>
		<difficult>0</difficult>
		<bndbox>
			<xmin>1038</xmin>
			<ymin>545</ymin>
			<xmax>1118</xmax>
			<ymax>619</ymax>
		</bndbox>
	</object>
	<object>
		<name>bulged</name>
		<pose>Unspecified</pose>
		<truncated>0</truncated>
		<difficult>0</difficult>
		<bndbox>
			<xmin>543</xmin>
			<ymin>279</ymin>
			<xmax>1086</xmax>
			<ymax>529</ymax>
		</bndbox>
	</object>
</annotation>
