<annotation>
	<folder>train</folder>
	<filename>05.jpg</filename>
	<path>C:\Users\hirunisi\Desktop\dataset\train\05.jpg</path>
	<source>
		<database>Unknown</database>
	</source>
	<size>
		<width>960</width>
		<height>1280</height>
		<depth>3</depth>
	</size>
	<segmented>0</segmented>
	<object>
		<name>front_side</name>
		<pose>Unspecified</pose>
		<truncated>0</truncated>
		<difficult>0</difficult>
		<bndbox>
			<xmin>112</xmin>
			<ymin>231</ymin>
			<xmax>876</xmax>
			<ymax>1082</ymax>
		</bndbox>
	</object>
</annotation>
