<annotation>
	<folder>train</folder>
	<filename>06.jpg</filename>
	<path>C:\Users\hirunisi\Desktop\dataset\train\06.jpg</path>
	<source>
		<database>Unknown</database>
	</source>
	<size>
		<width>1280</width>
		<height>960</height>
		<depth>3</depth>
	</size>
	<segmented>0</segmented>
	<object>
		<name>right_side</name>
		<pose>Unspecified</pose>
		<truncated>0</truncated>
		<difficult>0</difficult>
		<bndbox>
			<xmin>154</xmin>
			<ymin>284</ymin>
			<xmax>1253</xmax>
			<ymax>779</ymax>
		</bndbox>
	</object>
</annotation>
