<annotation>
	<folder>train</folder>
	<filename>1673699823754.jpg</filename>
	<path>C:\Users\hirunisi\Desktop\dataset\train\1673699823754.jpg</path>
	<source>
		<database>Unknown</database>
	</source>
	<size>
		<width>1024</width>
		<height>768</height>
		<depth>3</depth>
	</size>
	<segmented>0</segmented>
	<object>
		<name>left_side</name>
		<pose>Unspecified</pose>
		<truncated>1</truncated>
		<difficult>0</difficult>
		<bndbox>
			<xmin>21</xmin>
			<ymin>243</ymin>
			<xmax>1024</xmax>
			<ymax>697</ymax>
		</bndbox>
	</object>
</annotation>
