<annotation>
	<folder>train</folder>
	<filename>1673699823788.jpg</filename>
	<path>C:\Users\hirunisi\Desktop\dataset\train\1673699823788.jpg</path>
	<source>
		<database>Unknown</database>
	</source>
	<size>
		<width>768</width>
		<height>1024</height>
		<depth>3</depth>
	</size>
	<segmented>0</segmented>
	<object>
		<name>left_side</name>
		<pose>Unspecified</pose>
		<truncated>1</truncated>
		<difficult>0</difficult>
		<bndbox>
			<xmin>1</xmin>
			<ymin>83</ymin>
			<xmax>634</xmax>
			<ymax>955</ymax>
		</bndbox>
	</object>
</annotation>
