<annotation>
	<folder>train</folder>
	<filename>1673699823763.jpg</filename>
	<path>C:\Users\hirunisi\Desktop\dataset\train\1673699823763.jpg</path>
	<source>
		<database>Unknown</database>
	</source>
	<size>
		<width>768</width>
		<height>1024</height>
		<depth>3</depth>
	</size>
	<segmented>0</segmented>
	<object>
		<name>corner_post</name>
		<pose>Unspecified</pose>
		<truncated>0</truncated>
		<difficult>0</difficult>
		<bndbox>
			<xmin>247</xmin>
			<ymin>6</ymin>
			<xmax>765</xmax>
			<ymax>874</ymax>
		</bndbox>
	</object>
</annotation>
