<annotation>
	<folder>train</folder>
	<filename>Bulged_2.jpg</filename>
	<path>C:\Users\hirunisi\Desktop\dataset\train\Bulged_2.jpg</path>
	<source>
		<database>Unknown</database>
	</source>
	<size>
		<width>780</width>
		<height>1040</height>
		<depth>3</depth>
	</size>
	<segmented>0</segmented>
	<object>
		<name>front_side</name>
		<pose>Unspecified</pose>
		<truncated>0</truncated>
		<difficult>0</difficult>
		<bndbox>
			<xmin>22</xmin>
			<ymin>115</ymin>
			<xmax>596</xmax>
			<ymax>818</ymax>
		</bndbox>
	</object>
	<object>
		<name>left_side</name>
		<pose>Unspecified</pose>
		<truncated>0</truncated>
		<difficult>0</difficult>
		<bndbox>
			<xmin>535</xmin>
			<ymin>112</ymin>
			<xmax>736</xmax>
			<ymax>808</ymax>
		</bndbox>
	</object>
</annotation>
