<annotation>
	<folder>train</folder>
	<filename>Bulged_1.jpg</filename>
	<path>C:\Users\hirunisi\Desktop\dataset\train\Bulged_1.jpg</path>
	<source>
		<database>Unknown</database>
	</source>
	<size>
		<width>780</width>
		<height>1040</height>
		<depth>3</depth>
	</size>
	<segmented>0</segmented>
	<object>
		<name>corner_post</name>
		<pose>Unspecified</pose>
		<truncated>0</truncated>
		<difficult>0</difficult>
		<bndbox>
			<xmin>186</xmin>
			<ymin>16</ymin>
			<xmax>692</xmax>
			<ymax>915</ymax>
		</bndbox>
	</object>
</annotation>
