<annotation>
	<folder>train</folder>
	<filename>Bulged_3.jpg</filename>
	<path>C:\Users\hirunisi\Desktop\dataset\train\Bulged_3.jpg</path>
	<source>
		<database>Unknown</database>
	</source>
	<size>
		<width>780</width>
		<height>1040</height>
		<depth>3</depth>
	</size>
	<segmented>0</segmented>
	<object>
		<name>front_side</name>
		<pose>Unspecified</pose>
		<truncated>0</truncated>
		<difficult>0</difficult>
		<bndbox>
			<xmin>144</xmin>
			<ymin>279</ymin>
			<xmax>432</xmax>
			<ymax>574</ymax>
		</bndbox>
	</object>
	<object>
		<name>left_side</name>
		<pose>Unspecified</pose>
		<truncated>0</truncated>
		<difficult>0</difficult>
		<bndbox>
			<xmin>422</xmin>
			<ymin>291</ymin>
			<xmax>546</xmax>
			<ymax>580</ymax>
		</bndbox>
	</object>
</annotation>
