<annotation>
	<folder>train</folder>
	<filename>CONER POST DAMAGES AND DENTED IMG-20220710-WA0003.jpg</filename>
	<path>C:\Users\hirunisi\Desktop\dataset\train\CONER POST DAMAGES AND DENTED IMG-20220710-WA0003.jpg</path>
	<source>
		<database>Unknown</database>
	</source>
	<size>
		<width>721</width>
		<height>1600</height>
		<depth>3</depth>
	</size>
	<segmented>0</segmented>
	<object>
		<name>left_side</name>
		<pose>Unspecified</pose>
		<truncated>1</truncated>
		<difficult>0</difficult>
		<bndbox>
			<xmin>9</xmin>
			<ymin>401</ymin>
			<xmax>721</xmax>
			<ymax>1595</ymax>
		</bndbox>
	</object>
</annotation>
