<annotation>
	<folder>train</folder>
	<filename>Corner	Cast damage	+ DENTED unit CAIU3735731 IMG-20220713-WA0010.jpg</filename>
	<path>C:\Users\hirunisi\Desktop\dataset\train\Corner	Cast damage	+ DENTED unit CAIU3735731 IMG-20220713-WA0010.jpg</path>
	<source>
		<database>Unknown</database>
	</source>
	<size>
		<width>1200</width>
		<height>1600</height>
		<depth>3</depth>
	</size>
	<segmented>0</segmented>
	<object>
		<name>front_side</name>
		<pose>Unspecified</pose>
		<truncated>1</truncated>
		<difficult>0</difficult>
		<bndbox>
			<xmin>1</xmin>
			<ymin>111</ymin>
			<xmax>686</xmax>
			<ymax>1140</ymax>
		</bndbox>
	</object>
</annotation>
