<annotation>
	<folder>train</folder>
	<filename>cut 1657964971528.jpg</filename>
	<path>C:\Users\hirunisi\Desktop\dataset\train\cut 1657964971528.jpg</path>
	<source>
		<database>Unknown</database>
	</source>
	<size>
		<width>581</width>
		<height>1032</height>
		<depth>3</depth>
	</size>
	<segmented>0</segmented>
	<object>
		<name>front_side</name>
		<pose>Unspecified</pose>
		<truncated>1</truncated>
		<difficult>0</difficult>
		<bndbox>
			<xmin>14</xmin>
			<ymin>1</ymin>
			<xmax>463</xmax>
			<ymax>768</ymax>
		</bndbox>
	</object>
	<object>
		<name>left_side</name>
		<pose>Unspecified</pose>
		<truncated>1</truncated>
		<difficult>0</difficult>
		<bndbox>
			<xmin>482</xmin>
			<ymin>3</ymin>
			<xmax>581</xmax>
			<ymax>765</ymax>
		</bndbox>
	</object>
</annotation>
