<annotation>
	<folder>train</folder>
	<filename>CUT IMG-20220630-WA0003.jpg</filename>
	<path>C:\Users\hirunisi\Desktop\dataset\train\CUT IMG-20220630-WA0003.jpg</path>
	<source>
		<database>Unknown</database>
	</source>
	<size>
		<width>1600</width>
		<height>756</height>
		<depth>3</depth>
	</size>
	<segmented>0</segmented>
	<object>
		<name>rear_side</name>
		<pose>Unspecified</pose>
		<truncated>1</truncated>
		<difficult>0</difficult>
		<bndbox>
			<xmin>128</xmin>
			<ymin>1</ymin>
			<xmax>1246</xmax>
			<ymax>627</ymax>
		</bndbox>
	</object>
</annotation>
