<annotation>
	<folder>train</folder>
	<filename>CUT IMG-20220411-WA0007.jpg</filename>
	<path>C:\Users\hirunisi\Desktop\dataset\train\CUT IMG-20220411-WA0007.jpg</path>
	<source>
		<database>Unknown</database>
	</source>
	<size>
		<width>1200</width>
		<height>1600</height>
		<depth>3</depth>
	</size>
	<segmented>0</segmented>
	<object>
		<name>rear_side</name>
		<pose>Unspecified</pose>
		<truncated>1</truncated>
		<difficult>0</difficult>
		<bndbox>
			<xmin>1</xmin>
			<ymin>248</ymin>
			<xmax>829</xmax>
			<ymax>1376</ymax>
		</bndbox>
	</object>
	<object>
		<name>rear_side</name>
		<pose>Unspecified</pose>
		<truncated>0</truncated>
		<difficult>0</difficult>
		<bndbox>
			<xmin>791</xmin>
			<ymin>420</ymin>
			<xmax>1107</xmax>
			<ymax>1350</ymax>
		</bndbox>
	</object>
</annotation>
