<annotation>
	<folder>train</folder>
	<filename>CUT IMG-20220623-WA0024.jpg</filename>
	<path>C:\Users\hirunisi\Desktop\dataset\train\CUT IMG-20220623-WA0024.jpg</path>
	<source>
		<database>Unknown</database>
	</source>
	<size>
		<width>1200</width>
		<height>1600</height>
		<depth>3</depth>
	</size>
	<segmented>0</segmented>
	<object>
		<name>right_side</name>
		<pose>Unspecified</pose>
		<truncated>1</truncated>
		<difficult>0</difficult>
		<bndbox>
			<xmin>242</xmin>
			<ymin>806</ymin>
			<xmax>1200</xmax>
			<ymax>1600</ymax>
		</bndbox>
	</object>
	<object>
		<name>top_side</name>
		<pose>Unspecified</pose>
		<truncated>1</truncated>
		<difficult>0</difficult>
		<bndbox>
			<xmin>197</xmin>
			<ymin>215</ymin>
			<xmax>1200</xmax>
			<ymax>801</ymax>
		</bndbox>
	</object>
</annotation>
