<annotation>
	<folder>train</folder>
	<filename>CUT - IMG-20211024-WA0009.jpg</filename>
	<path>C:\Users\hirunisi\Desktop\dataset\train\CUT - IMG-20211024-WA0009.jpg</path>
	<source>
		<database>Unknown</database>
	</source>
	<size>
		<width>768</width>
		<height>1024</height>
		<depth>3</depth>
	</size>
	<segmented>0</segmented>
	<object>
		<name>top_side</name>
		<pose>Unspecified</pose>
		<truncated>1</truncated>
		<difficult>0</difficult>
		<bndbox>
			<xmin>1</xmin>
			<ymin>1</ymin>
			<xmax>672</xmax>
			<ymax>970</ymax>
		</bndbox>
	</object>
</annotation>
