<annotation>
	<folder>train</folder>
	<filename>cut IMG-20220716-WA0039.jpg</filename>
	<path>C:\Users\hirunisi\Desktop\dataset\train\cut IMG-20220716-WA0039.jpg</path>
	<source>
		<database>Unknown</database>
	</source>
	<size>
		<width>488</width>
		<height>1032</height>
		<depth>3</depth>
	</size>
	<segmented>0</segmented>
	<object>
		<name>right_side</name>
		<pose>Unspecified</pose>
		<truncated>1</truncated>
		<difficult>0</difficult>
		<bndbox>
			<xmin>1</xmin>
			<ymin>1</ymin>
			<xmax>483</xmax>
			<ymax>717</ymax>
		</bndbox>
	</object>
</annotation>
