<annotation>
	<folder>train</folder>
	<filename>CUT - IMG-20211024-WA0004.jpg</filename>
	<path>C:\Users\hirunisi\Desktop\dataset\train\CUT - IMG-20211024-WA0004.jpg</path>
	<source>
		<database>Unknown</database>
	</source>
	<size>
		<width>1040</width>
		<height>780</height>
		<depth>3</depth>
	</size>
	<segmented>0</segmented>
	<object>
		<name>rear_side</name>
		<pose>Unspecified</pose>
		<truncated>0</truncated>
		<difficult>0</difficult>
		<bndbox>
			<xmin>219</xmin>
			<ymin>151</ymin>
			<xmax>658</xmax>
			<ymax>663</ymax>
		</bndbox>
	</object>
	<object>
		<name>right_side</name>
		<pose>Unspecified</pose>
		<truncated>0</truncated>
		<difficult>0</difficult>
		<bndbox>
			<xmin>664</xmin>
			<ymin>3</ymin>
			<xmax>968</xmax>
			<ymax>661</ymax>
		</bndbox>
	</object>
	<object>
		<name>top_side</name>
		<pose>Unspecified</pose>
		<truncated>0</truncated>
		<difficult>0</difficult>
		<bndbox>
			<xmin>200</xmin>
			<ymin>4</ymin>
			<xmax>896</xmax>
			<ymax>237</ymax>
		</bndbox>
	</object>
</annotation>
