<annotation>
	<folder>train</folder>
	<filename>CUT IMG-20211115-WA0001.jpg</filename>
	<path>C:\Users\hirunisi\Desktop\dataset\train\CUT IMG-20211115-WA0001.jpg</path>
	<source>
		<database>Unknown</database>
	</source>
	<size>
		<width>488</width>
		<height>1032</height>
		<depth>3</depth>
	</size>
	<segmented>0</segmented>
	<object>
		<name>front_side</name>
		<pose>Unspecified</pose>
		<truncated>1</truncated>
		<difficult>0</difficult>
		<bndbox>
			<xmin>1</xmin>
			<ymin>41</ymin>
			<xmax>464</xmax>
			<ymax>757</ymax>
		</bndbox>
	</object>
</annotation>
