<annotation>
	<folder>train</folder>
	<filename>CUT IMG-20220630-WA0004.jpg</filename>
	<path>C:\Users\hirunisi\Desktop\dataset\train\CUT IMG-20220630-WA0004.jpg</path>
	<source>
		<database>Unknown</database>
	</source>
	<size>
		<width>756</width>
		<height>1600</height>
		<depth>3</depth>
	</size>
	<segmented>0</segmented>
	<object>
		<name>rear_side</name>
		<pose>Unspecified</pose>
		<truncated>0</truncated>
		<difficult>0</difficult>
		<bndbox>
			<xmin>37</xmin>
			<ymin>283</ymin>
			<xmax>734</xmax>
			<ymax>1161</ymax>
		</bndbox>
	</object>
</annotation>
