<annotation>
	<folder>train</folder>
	<filename>CUT - IMG-20211024-WA0005.jpg</filename>
	<path>C:\Users\hirunisi\Desktop\dataset\train\CUT - IMG-20211024-WA0005.jpg</path>
	<source>
		<database>Unknown</database>
	</source>
	<size>
		<width>1040</width>
		<height>780</height>
		<depth>3</depth>
	</size>
	<segmented>0</segmented>
	<object>
		<name>top_side</name>
		<pose>Unspecified</pose>
		<truncated>1</truncated>
		<difficult>0</difficult>
		<bndbox>
			<xmin>4</xmin>
			<ymin>1</ymin>
			<xmax>1040</xmax>
			<ymax>652</ymax>
		</bndbox>
	</object>
</annotation>
