<annotation>
	<folder>train</folder>
	<filename>CUT IMG-20211115-WA0003.jpg</filename>
	<path>C:\Users\hirunisi\Desktop\dataset\train\CUT IMG-20211115-WA0003.jpg</path>
	<source>
		<database>Unknown</database>
	</source>
	<size>
		<width>1032</width>
		<height>488</height>
		<depth>3</depth>
	</size>
	<segmented>0</segmented>
	<object>
		<name>left_side</name>
		<pose>Unspecified</pose>
		<truncated>1</truncated>
		<difficult>0</difficult>
		<bndbox>
			<xmin>1</xmin>
			<ymin>1</ymin>
			<xmax>775</xmax>
			<ymax>466</ymax>
		</bndbox>
	</object>
	<object>
		<name>rear_side</name>
		<pose>Unspecified</pose>
		<truncated>1</truncated>
		<difficult>0</difficult>
		<bndbox>
			<xmin>704</xmin>
			<ymin>1</ymin>
			<xmax>980</xmax>
			<ymax>436</ymax>
		</bndbox>
	</object>
</annotation>
