<annotation>
	<folder>train</folder>
	<filename>CUT IMG_20220702_015218_HDR.jpg</filename>
	<path>C:\Users\hirunisi\Desktop\dataset\train\CUT IMG_20220702_015218_HDR.jpg</path>
	<source>
		<database>Unknown</database>
	</source>
	<size>
		<width>1560</width>
		<height>2080</height>
		<depth>3</depth>
	</size>
	<segmented>0</segmented>
	<object>
		<name>top_side</name>
		<pose>Unspecified</pose>
		<truncated>1</truncated>
		<difficult>0</difficult>
		<bndbox>
			<xmin>1</xmin>
			<ymin>1</ymin>
			<xmax>1085</xmax>
			<ymax>2077</ymax>
		</bndbox>
	</object>
</annotation>
