<annotation>
	<folder>train</folder>
	<filename>CUT IMG-20220411-WA0006.jpg</filename>
	<path>C:\Users\hirunisi\Desktop\dataset\train\CUT IMG-20220411-WA0006.jpg</path>
	<source>
		<database>Unknown</database>
	</source>
	<size>
		<width>1200</width>
		<height>1600</height>
		<depth>3</depth>
	</size>
	<segmented>0</segmented>
	<object>
		<name>right_side</name>
		<pose>Unspecified</pose>
		<truncated>1</truncated>
		<difficult>0</difficult>
		<bndbox>
			<xmin>1</xmin>
			<ymin>123</ymin>
			<xmax>1041</xmax>
			<ymax>1413</ymax>
		</bndbox>
	</object>
</annotation>
