<annotation>
	<folder>train</folder>
	<filename>Cut_10.jpg</filename>
	<path>C:\Users\hirunisi\Desktop\dataset\train\Cut_10.jpg</path>
	<source>
		<database>Unknown</database>
	</source>
	<size>
		<width>1200</width>
		<height>1600</height>
		<depth>3</depth>
	</size>
	<segmented>0</segmented>
	<object>
		<name>right_side</name>
		<pose>Unspecified</pose>
		<truncated>1</truncated>
		<difficult>0</difficult>
		<bndbox>
			<xmin>4</xmin>
			<ymin>185</ymin>
			<xmax>1200</xmax>
			<ymax>1380</ymax>
		</bndbox>
	</object>
</annotation>
