<annotation>
	<folder>train</folder>
	<filename>Cut_6.jpg</filename>
	<path>C:\Users\hirunisi\Desktop\dataset\train\Cut_6.jpg</path>
	<source>
		<database>Unknown</database>
	</source>
	<size>
		<width>780</width>
		<height>1040</height>
		<depth>3</depth>
	</size>
	<segmented>0</segmented>
	<object>
		<name>front_side</name>
		<pose>Unspecified</pose>
		<truncated>1</truncated>
		<difficult>0</difficult>
		<bndbox>
			<xmin>1</xmin>
			<ymin>1</ymin>
			<xmax>430</xmax>
			<ymax>941</ymax>
		</bndbox>
	</object>
	<object>
		<name>left_side</name>
		<pose>Unspecified</pose>
		<truncated>0</truncated>
		<difficult>0</difficult>
		<bndbox>
			<xmin>457</xmin>
			<ymin>21</ymin>
			<xmax>609</xmax>
			<ymax>923</ymax>
		</bndbox>
	</object>
</annotation>
