<annotation>
	<folder>train</folder>
	<filename>Cut_5.jpg</filename>
	<path>C:\Users\hirunisi\Desktop\dataset\train\Cut_5.jpg</path>
	<source>
		<database>Unknown</database>
	</source>
	<size>
		<width>1040</width>
		<height>780</height>
		<depth>3</depth>
	</size>
	<segmented>0</segmented>
	<object>
		<name>front_side</name>
		<pose>Unspecified</pose>
		<truncated>1</truncated>
		<difficult>0</difficult>
		<bndbox>
			<xmin>1</xmin>
			<ymin>1</ymin>
			<xmax>841</xmax>
			<ymax>760</ymax>
		</bndbox>
	</object>
</annotation>
