<annotation>
	<folder>train</folder>
	<filename>Cut_3.jpg</filename>
	<path>C:\Users\hirunisi\Desktop\dataset\train\Cut_3.jpg</path>
	<source>
		<database>Unknown</database>
	</source>
	<size>
		<width>1200</width>
		<height>1600</height>
		<depth>3</depth>
	</size>
	<segmented>0</segmented>
	<object>
		<name>left_side</name>
		<pose>Unspecified</pose>
		<truncated>0</truncated>
		<difficult>0</difficult>
		<bndbox>
			<xmin>624</xmin>
			<ymin>181</ymin>
			<xmax>1144</xmax>
			<ymax>1098</ymax>
		</bndbox>
	</object>
	<object>
		<name>front_side</name>
		<pose>Unspecified</pose>
		<truncated>0</truncated>
		<difficult>0</difficult>
		<bndbox>
			<xmin>112</xmin>
			<ymin>156</ymin>
			<xmax>636</xmax>
			<ymax>1095</ymax>
		</bndbox>
	</object>
</annotation>
