<annotation>
	<folder>train</folder>
	<filename>Cut_2.jpg</filename>
	<path>C:\Users\hirunisi\Desktop\dataset\train\Cut_2.jpg</path>
	<source>
		<database>Unknown</database>
	</source>
	<size>
		<width>1200</width>
		<height>1600</height>
		<depth>3</depth>
	</size>
	<segmented>0</segmented>
	<object>
		<name>left_side</name>
		<pose>Unspecified</pose>
		<truncated>1</truncated>
		<difficult>0</difficult>
		<bndbox>
			<xmin>677</xmin>
			<ymin>18</ymin>
			<xmax>1200</xmax>
			<ymax>1108</ymax>
		</bndbox>
	</object>
	<object>
		<name>front_side</name>
		<pose>Unspecified</pose>
		<truncated>0</truncated>
		<difficult>0</difficult>
		<bndbox>
			<xmin>136</xmin>
			<ymin>3</ymin>
			<xmax>741</xmax>
			<ymax>1146</ymax>
		</bndbox>
	</object>
</annotation>
