<annotation>
	<folder>train</folder>
	<filename>Cut_7.jpg</filename>
	<path>C:\Users\hirunisi\Desktop\dataset\train\Cut_7.jpg</path>
	<source>
		<database>Unknown</database>
	</source>
	<size>
		<width>1600</width>
		<height>1200</height>
		<depth>3</depth>
	</size>
	<segmented>0</segmented>
	<object>
		<name>right_side</name>
		<pose>Unspecified</pose>
		<truncated>0</truncated>
		<difficult>0</difficult>
		<bndbox>
			<xmin>36</xmin>
			<ymin>30</ymin>
			<xmax>1595</xmax>
			<ymax>1198</ymax>
		</bndbox>
	</object>
</annotation>
