<annotation>
	<folder>train</folder>
	<filename>DAMAGE UNIT 20220630_095428.jpg</filename>
	<path>C:\Users\hirunisi\Desktop\dataset\train\DAMAGE UNIT 20220630_095428.jpg</path>
	<source>
		<database>Unknown</database>
	</source>
	<size>
		<width>480</width>
		<height>360</height>
		<depth>3</depth>
	</size>
	<segmented>0</segmented>
	<object>
		<name>right_side</name>
		<pose>Unspecified</pose>
		<truncated>0</truncated>
		<difficult>0</difficult>
		<bndbox>
			<xmin>36</xmin>
			<ymin>92</ymin>
			<xmax>465</xmax>
			<ymax>270</ymax>
		</bndbox>
	</object>
</annotation>
