<annotation>
	<folder>train</folder>
	<filename>DAMAGE UNIT 20220630_095158.jpg</filename>
	<path>C:\Users\hirunisi\Desktop\dataset\train\DAMAGE UNIT 20220630_095158.jpg</path>
	<source>
		<database>Unknown</database>
	</source>
	<size>
		<width>360</width>
		<height>480</height>
		<depth>3</depth>
	</size>
	<segmented>0</segmented>
	<object>
		<name>right_side</name>
		<pose>Unspecified</pose>
		<truncated>1</truncated>
		<difficult>0</difficult>
		<bndbox>
			<xmin>1</xmin>
			<ymin>1</ymin>
			<xmax>357</xmax>
			<ymax>471</ymax>
		</bndbox>
	</object>
</annotation>
