<annotation>
	<folder>train</folder>
	<filename>DAMAGE UNIT 20220630_095023.jpg</filename>
	<path>C:\Users\hirunisi\Desktop\dataset\train\DAMAGE UNIT 20220630_095023.jpg</path>
	<source>
		<database>Unknown</database>
	</source>
	<size>
		<width>360</width>
		<height>480</height>
		<depth>3</depth>
	</size>
	<segmented>0</segmented>
	<object>
		<name>front_side</name>
		<pose>Unspecified</pose>
		<truncated>0</truncated>
		<difficult>0</difficult>
		<bndbox>
			<xmin>101</xmin>
			<ymin>165</ymin>
			<xmax>247</xmax>
			<ymax>310</ymax>
		</bndbox>
	</object>
	<object>
		<name>right_side</name>
		<pose>Unspecified</pose>
		<truncated>1</truncated>
		<difficult>0</difficult>
		<bndbox>
			<xmin>248</xmin>
			<ymin>1</ymin>
			<xmax>360</xmax>
			<ymax>327</ymax>
		</bndbox>
	</object>
	<object>
		<name>left_side</name>
		<pose>Unspecified</pose>
		<truncated>1</truncated>
		<difficult>0</difficult>
		<bndbox>
			<xmin>1</xmin>
			<ymin>22</ymin>
			<xmax>101</xmax>
			<ymax>317</ymax>
		</bndbox>
	</object>
	<object>
		<name>top_side</name>
		<pose>Unspecified</pose>
		<truncated>1</truncated>
		<difficult>0</difficult>
		<bndbox>
			<xmin>1</xmin>
			<ymin>1</ymin>
			<xmax>324</xmax>
			<ymax>164</ymax>
		</bndbox>
	</object>
</annotation>
