<annotation>
	<folder>train</folder>
	<filename>Damage	IMG-20220611-WA0027.jpg</filename>
	<path>C:\Users\hirunisi\Desktop\dataset\train\Damage	IMG-20220611-WA0027.jpg</path>
	<source>
		<database>Unknown</database>
	</source>
	<size>
		<width>1040</width>
		<height>780</height>
		<depth>3</depth>
	</size>
	<segmented>0</segmented>
	<object>
		<name>left_side</name>
		<pose>Unspecified</pose>
		<truncated>1</truncated>
		<difficult>0</difficult>
		<bndbox>
			<xmin>201</xmin>
			<ymin>92</ymin>
			<xmax>776</xmax>
			<ymax>780</ymax>
		</bndbox>
	</object>
	<object>
		<name>rear_side</name>
		<pose>Unspecified</pose>
		<truncated>1</truncated>
		<difficult>0</difficult>
		<bndbox>
			<xmin>772</xmin>
			<ymin>93</ymin>
			<xmax>1040</xmax>
			<ymax>780</ymax>
		</bndbox>
	</object>
</annotation>
