<annotation>
	<folder>train</folder>
	<filename>DAMAGE UNIT 20220630_095106.jpg</filename>
	<path>C:\Users\hirunisi\Desktop\dataset\train\DAMAGE UNIT 20220630_095106.jpg</path>
	<source>
		<database>Unknown</database>
	</source>
	<size>
		<width>360</width>
		<height>480</height>
		<depth>3</depth>
	</size>
	<segmented>0</segmented>
	<object>
		<name>front_side</name>
		<pose>Unspecified</pose>
		<truncated>0</truncated>
		<difficult>0</difficult>
		<bndbox>
			<xmin>85</xmin>
			<ymin>85</ymin>
			<xmax>271</xmax>
			<ymax>269</ymax>
		</bndbox>
	</object>
	<object>
		<name>left_side</name>
		<pose>Unspecified</pose>
		<truncated>1</truncated>
		<difficult>0</difficult>
		<bndbox>
			<xmin>1</xmin>
			<ymin>80</ymin>
			<xmax>81</xmax>
			<ymax>368</ymax>
		</bndbox>
	</object>
	<object>
		<name>right_side</name>
		<pose>Unspecified</pose>
		<truncated>0</truncated>
		<difficult>0</difficult>
		<bndbox>
			<xmin>256</xmin>
			<ymin>10</ymin>
			<xmax>357</xmax>
			<ymax>351</ymax>
		</bndbox>
	</object>
	<object>
		<name>top_side</name>
		<pose>Unspecified</pose>
		<truncated>1</truncated>
		<difficult>0</difficult>
		<bndbox>
			<xmin>9</xmin>
			<ymin>1</ymin>
			<xmax>356</xmax>
			<ymax>79</ymax>
		</bndbox>
	</object>
</annotation>
