<annotation>
	<folder>train</folder>
	<filename>Dented_20.jpg</filename>
	<path>C:\Users\hirunisi\Desktop\dataset\train\Dented_20.jpg</path>
	<source>
		<database>Unknown</database>
	</source>
	<size>
		<width>768</width>
		<height>1024</height>
		<depth>3</depth>
	</size>
	<segmented>0</segmented>
	<object>
		<name>right_side</name>
		<pose>Unspecified</pose>
		<truncated>1</truncated>
		<difficult>0</difficult>
		<bndbox>
			<xmin>1</xmin>
			<ymin>90</ymin>
			<xmax>635</xmax>
			<ymax>964</ymax>
		</bndbox>
	</object>
</annotation>
