<annotation>
	<folder>train</folder>
	<filename>Dented_8.jpg</filename>
	<path>C:\Users\hirunisi\Desktop\dataset\train\Dented_8.jpg</path>
	<source>
		<database>Unknown</database>
	</source>
	<size>
		<width>780</width>
		<height>1040</height>
		<depth>3</depth>
	</size>
	<segmented>0</segmented>
	<object>
		<name>front_side</name>
		<pose>Unspecified</pose>
		<truncated>0</truncated>
		<difficult>0</difficult>
		<bndbox>
			<xmin>29</xmin>
			<ymin>186</ymin>
			<xmax>540</xmax>
			<ymax>872</ymax>
		</bndbox>
	</object>
	<object>
		<name>left_side</name>
		<pose>Unspecified</pose>
		<truncated>1</truncated>
		<difficult>0</difficult>
		<bndbox>
			<xmin>518</xmin>
			<ymin>165</ymin>
			<xmax>780</xmax>
			<ymax>923</ymax>
		</bndbox>
	</object>
</annotation>
