<annotation>
	<folder>train</folder>
	<filename>Dented_17.jpg</filename>
	<path>C:\Users\hirunisi\Desktop\dataset\train\Dented_17.jpg</path>
	<source>
		<database>Unknown</database>
	</source>
	<size>
		<width>867</width>
		<height>1156</height>
		<depth>3</depth>
	</size>
	<segmented>0</segmented>
	<object>
		<name>front_side</name>
		<pose>Unspecified</pose>
		<truncated>1</truncated>
		<difficult>0</difficult>
		<bndbox>
			<xmin>400</xmin>
			<ymin>31</ymin>
			<xmax>867</xmax>
			<ymax>1110</ymax>
		</bndbox>
	</object>
	<object>
		<name>right_side</name>
		<pose>Unspecified</pose>
		<truncated>0</truncated>
		<difficult>0</difficult>
		<bndbox>
			<xmin>208</xmin>
			<ymin>67</ymin>
			<xmax>412</xmax>
			<ymax>1105</ymax>
		</bndbox>
	</object>
</annotation>
