<annotation>
	<folder>train</folder>
	<filename>DENT IMG-20220626-WA0005.jpg</filename>
	<path>C:\Users\hirunisi\Desktop\dataset\train\DENT IMG-20220626-WA0005.jpg</path>
	<source>
		<database>Unknown</database>
	</source>
	<size>
		<width>720</width>
		<height>1280</height>
		<depth>3</depth>
	</size>
	<segmented>0</segmented>
	<object>
		<name>front_side</name>
		<pose>Unspecified</pose>
		<truncated>1</truncated>
		<difficult>0</difficult>
		<bndbox>
			<xmin>1</xmin>
			<ymin>178</ymin>
			<xmax>698</xmax>
			<ymax>1004</ymax>
		</bndbox>
	</object>
</annotation>
