<annotation>
	<folder>train</folder>
	<filename>Dented_3.jpg</filename>
	<path>C:\Users\hirunisi\Desktop\dataset\train\Dented_3.jpg</path>
	<source>
		<database>Unknown</database>
	</source>
	<size>
		<width>1040</width>
		<height>780</height>
		<depth>3</depth>
	</size>
	<segmented>0</segmented>
	<object>
		<name>left_side</name>
		<pose>Unspecified</pose>
		<truncated>1</truncated>
		<difficult>0</difficult>
		<bndbox>
			<xmin>482</xmin>
			<ymin>1</ymin>
			<xmax>1040</xmax>
			<ymax>485</ymax>
		</bndbox>
	</object>
	<object>
		<name>front_side</name>
		<pose>Unspecified</pose>
		<truncated>1</truncated>
		<difficult>0</difficult>
		<bndbox>
			<xmin>286</xmin>
			<ymin>1</ymin>
			<xmax>500</xmax>
			<ymax>489</ymax>
		</bndbox>
	</object>
</annotation>
