<annotation>
	<folder>train</folder>
	<filename>Dented_23.jpg</filename>
	<path>C:\Users\hirunisi\Desktop\dataset\train\Dented_23.jpg</path>
	<source>
		<database>Unknown</database>
	</source>
	<size>
		<width>958</width>
		<height>1280</height>
		<depth>3</depth>
	</size>
	<segmented>0</segmented>
	<object>
		<name>front_side</name>
		<pose>Unspecified</pose>
		<truncated>0</truncated>
		<difficult>0</difficult>
		<bndbox>
			<xmin>8</xmin>
			<ymin>196</ymin>
			<xmax>561</xmax>
			<ymax>988</ymax>
		</bndbox>
	</object>
	<object>
		<name>left_side</name>
		<pose>Unspecified</pose>
		<truncated>0</truncated>
		<difficult>0</difficult>
		<bndbox>
			<xmin>545</xmin>
			<ymin>191</ymin>
			<xmax>898</xmax>
			<ymax>979</ymax>
		</bndbox>
	</object>
</annotation>
