<annotation>
	<folder>train</folder>
	<filename>DENTED &amp; BULGE OUT IMG-20220719-WA0039.jpg</filename>
	<path>C:\Users\hirunisi\Desktop\dataset\train\DENTED &amp; BULGE OUT IMG-20220719-WA0039.jpg</path>
	<source>
		<database>Unknown</database>
	</source>
	<size>
		<width>1024</width>
		<height>768</height>
		<depth>3</depth>
	</size>
	<segmented>0</segmented>
	<object>
		<name>right_side</name>
		<pose>Unspecified</pose>
		<truncated>1</truncated>
		<difficult>0</difficult>
		<bndbox>
			<xmin>1</xmin>
			<ymin>4</ymin>
			<xmax>1024</xmax>
			<ymax>768</ymax>
		</bndbox>
	</object>
</annotation>
