<annotation>
	<folder>train</folder>
	<filename>Dented_28.jpg</filename>
	<path>C:\Users\hirunisi\Desktop\dataset\train\Dented_28.jpg</path>
	<source>
		<database>Unknown</database>
	</source>
	<size>
		<width>720</width>
		<height>763</height>
		<depth>3</depth>
	</size>
	<segmented>0</segmented>
	<object>
		<name>rear_side</name>
		<pose>Unspecified</pose>
		<truncated>0</truncated>
		<difficult>0</difficult>
		<bndbox>
			<xmin>435</xmin>
			<ymin>149</ymin>
			<xmax>566</xmax>
			<ymax>718</ymax>
		</bndbox>
	</object>
	<object>
		<name>left_side</name>
		<pose>Unspecified</pose>
		<truncated>1</truncated>
		<difficult>0</difficult>
		<bndbox>
			<xmin>1</xmin>
			<ymin>128</ymin>
			<xmax>411</xmax>
			<ymax>717</ymax>
		</bndbox>
	</object>
</annotation>
