<annotation>
	<folder>train</folder>
	<filename>Dented_5.jpg</filename>
	<path>C:\Users\hirunisi\Desktop\dataset\train\Dented_5.jpg</path>
	<source>
		<database>Unknown</database>
	</source>
	<size>
		<width>756</width>
		<height>1600</height>
		<depth>3</depth>
	</size>
	<segmented>0</segmented>
	<object>
		<name>top_side</name>
		<pose>Unspecified</pose>
		<truncated>0</truncated>
		<difficult>0</difficult>
		<bndbox>
			<xmin>20</xmin>
			<ymin>358</ymin>
			<xmax>727</xmax>
			<ymax>1066</ymax>
		</bndbox>
	</object>
</annotation>
