<annotation>
	<folder>train</folder>
	<filename>DENT IMG-20211118-WA0047.jpg</filename>
	<path>C:\Users\hirunisi\Desktop\dataset\train\DENT IMG-20211118-WA0047.jpg</path>
	<source>
		<database>Unknown</database>
	</source>
	<size>
		<width>1600</width>
		<height>1200</height>
		<depth>3</depth>
	</size>
	<segmented>0</segmented>
	<object>
		<name>left_side</name>
		<pose>Unspecified</pose>
		<truncated>1</truncated>
		<difficult>0</difficult>
		<bndbox>
			<xmin>1</xmin>
			<ymin>79</ymin>
			<xmax>1241</xmax>
			<ymax>1200</ymax>
		</bndbox>
	</object>
</annotation>
