<annotation>
	<folder>train</folder>
	<filename>DENT IMG-20220626-WA0004.jpg</filename>
	<path>C:\Users\hirunisi\Desktop\dataset\train\DENT IMG-20220626-WA0004.jpg</path>
	<source>
		<database>Unknown</database>
	</source>
	<size>
		<width>720</width>
		<height>1280</height>
		<depth>3</depth>
	</size>
	<segmented>0</segmented>
	<object>
		<name>right_side</name>
		<pose>Unspecified</pose>
		<truncated>1</truncated>
		<difficult>0</difficult>
		<bndbox>
			<xmin>394</xmin>
			<ymin>35</ymin>
			<xmax>720</xmax>
			<ymax>978</ymax>
		</bndbox>
	</object>
	<object>
		<name>rear_side</name>
		<pose>Unspecified</pose>
		<truncated>1</truncated>
		<difficult>0</difficult>
		<bndbox>
			<xmin>1</xmin>
			<ymin>54</ymin>
			<xmax>404</xmax>
			<ymax>963</ymax>
		</bndbox>
	</object>
</annotation>
