<annotation>
	<folder>train</folder>
	<filename>Dented_9.jpg</filename>
	<path>C:\Users\hirunisi\Desktop\dataset\train\Dented_9.jpg</path>
	<source>
		<database>Unknown</database>
	</source>
	<size>
		<width>1040</width>
		<height>780</height>
		<depth>3</depth>
	</size>
	<segmented>0</segmented>
	<object>
		<name>front_side</name>
		<pose>Unspecified</pose>
		<truncated>1</truncated>
		<difficult>0</difficult>
		<bndbox>
			<xmin>387</xmin>
			<ymin>167</ymin>
			<xmax>820</xmax>
			<ymax>780</ymax>
		</bndbox>
	</object>
	<object>
		<name>right_side</name>
		<pose>Unspecified</pose>
		<truncated>0</truncated>
		<difficult>0</difficult>
		<bndbox>
			<xmin>104</xmin>
			<ymin>184</ymin>
			<xmax>369</xmax>
			<ymax>739</ymax>
		</bndbox>
	</object>
</annotation>
