<annotation>
	<folder>train</folder>
	<filename>Dented_16.jpg</filename>
	<path>C:\Users\hirunisi\Desktop\dataset\train\Dented_16.jpg</path>
	<source>
		<database>Unknown</database>
	</source>
	<size>
		<width>867</width>
		<height>1156</height>
		<depth>3</depth>
	</size>
	<segmented>0</segmented>
	<object>
		<name>front_side</name>
		<pose>Unspecified</pose>
		<truncated>1</truncated>
		<difficult>0</difficult>
		<bndbox>
			<xmin>406</xmin>
			<ymin>12</ymin>
			<xmax>867</xmax>
			<ymax>1156</ymax>
		</bndbox>
	</object>
	<object>
		<name>right_side</name>
		<pose>Unspecified</pose>
		<truncated>0</truncated>
		<difficult>0</difficult>
		<bndbox>
			<xmin>243</xmin>
			<ymin>62</ymin>
			<xmax>383</xmax>
			<ymax>1106</ymax>
		</bndbox>
	</object>
</annotation>
