<annotation>
	<folder>train</folder>
	<filename>Dented_24.jpg</filename>
	<path>C:\Users\hirunisi\Desktop\dataset\train\Dented_24.jpg</path>
	<source>
		<database>Unknown</database>
	</source>
	<size>
		<width>958</width>
		<height>1280</height>
		<depth>3</depth>
	</size>
	<segmented>0</segmented>
	<object>
		<name>left_side</name>
		<pose>Unspecified</pose>
		<truncated>1</truncated>
		<difficult>0</difficult>
		<bndbox>
			<xmin>24</xmin>
			<ymin>6</ymin>
			<xmax>535</xmax>
			<ymax>1280</ymax>
		</bndbox>
	</object>
	<object>
		<name>front_side</name>
		<pose>Unspecified</pose>
		<truncated>1</truncated>
		<difficult>0</difficult>
		<bndbox>
			<xmin>428</xmin>
			<ymin>4</ymin>
			<xmax>958</xmax>
			<ymax>1280</ymax>
		</bndbox>
	</object>
</annotation>
