<annotation>
	<folder>train</folder>
	<filename>Dented_27.jpeg</filename>
	<path>C:\Users\hirunisi\Desktop\dataset\train\Dented_27.jpeg</path>
	<source>
		<database>Unknown</database>
	</source>
	<size>
		<width>1200</width>
		<height>1600</height>
		<depth>3</depth>
	</size>
	<segmented>0</segmented>
	<object>
		<name>corner_post</name>
		<pose>Unspecified</pose>
		<truncated>0</truncated>
		<difficult>0</difficult>
		<bndbox>
			<xmin>589</xmin>
			<ymin>923</ymin>
			<xmax>891</xmax>
			<ymax>1291</ymax>
		</bndbox>
	</object>
	<object>
		<name>front_side</name>
		<pose>Unspecified</pose>
		<truncated>1</truncated>
		<difficult>0</difficult>
		<bndbox>
			<xmin>764</xmin>
			<ymin>5</ymin>
			<xmax>1200</xmax>
			<ymax>1163</ymax>
		</bndbox>
	</object>
	<object>
		<name>right_side</name>
		<pose>Unspecified</pose>
		<truncated>1</truncated>
		<difficult>0</difficult>
		<bndbox>
			<xmin>1</xmin>
			<ymin>1</ymin>
			<xmax>701</xmax>
			<ymax>1158</ymax>
		</bndbox>
	</object>
</annotation>
