<annotation>
	<folder>train</folder>
	<filename>Dented_2.jpg</filename>
	<path>C:\Users\hirunisi\Desktop\dataset\train\Dented_2.jpg</path>
	<source>
		<database>Unknown</database>
	</source>
	<size>
		<width>780</width>
		<height>1040</height>
		<depth>3</depth>
	</size>
	<segmented>0</segmented>
	<object>
		<name>front_side</name>
		<pose>Unspecified</pose>
		<truncated>1</truncated>
		<difficult>0</difficult>
		<bndbox>
			<xmin>500</xmin>
			<ymin>27</ymin>
			<xmax>780</xmax>
			<ymax>852</ymax>
		</bndbox>
	</object>
	<object>
		<name>right_side</name>
		<pose>Unspecified</pose>
		<truncated>1</truncated>
		<difficult>0</difficult>
		<bndbox>
			<xmin>1</xmin>
			<ymin>1</ymin>
			<xmax>456</xmax>
			<ymax>913</ymax>
		</bndbox>
	</object>
</annotation>
