<annotation>
	<folder>train</folder>
	<filename>dent IMG-20220716-WA0024.jpg</filename>
	<path>C:\Users\hirunisi\Desktop\dataset\train\dent IMG-20220716-WA0024.jpg</path>
	<source>
		<database>Unknown</database>
	</source>
	<size>
		<width>780</width>
		<height>1040</height>
		<depth>3</depth>
	</size>
	<segmented>0</segmented>
	<object>
		<name>right_side</name>
		<pose>Unspecified</pose>
		<truncated>1</truncated>
		<difficult>0</difficult>
		<bndbox>
			<xmin>1</xmin>
			<ymin>292</ymin>
			<xmax>495</xmax>
			<ymax>911</ymax>
		</bndbox>
	</object>
</annotation>
