<annotation>
	<folder>train</folder>
	<filename>Dented_25.jpeg</filename>
	<path>C:\Users\hirunisi\Desktop\dataset\train\Dented_25.jpeg</path>
	<source>
		<database>Unknown</database>
	</source>
	<size>
		<width>1600</width>
		<height>1200</height>
		<depth>3</depth>
	</size>
	<segmented>0</segmented>
	<object>
		<name>right_side</name>
		<pose>Unspecified</pose>
		<truncated>1</truncated>
		<difficult>0</difficult>
		<bndbox>
			<xmin>1</xmin>
			<ymin>40</ymin>
			<xmax>1335</xmax>
			<ymax>801</ymax>
		</bndbox>
	</object>
</annotation>
