<annotation>
	<folder>train</folder>
	<filename>Dented_11.jpg</filename>
	<path>C:\Users\hirunisi\Desktop\dataset\train\Dented_11.jpg</path>
	<source>
		<database>Unknown</database>
	</source>
	<size>
		<width>780</width>
		<height>1040</height>
		<depth>3</depth>
	</size>
	<segmented>0</segmented>
	<object>
		<name>right_side</name>
		<pose>Unspecified</pose>
		<truncated>0</truncated>
		<difficult>0</difficult>
		<bndbox>
			<xmin>52</xmin>
			<ymin>399</ymin>
			<xmax>584</xmax>
			<ymax>618</ymax>
		</bndbox>
	</object>
</annotation>
