<annotation>
	<folder>train</folder>
	<filename>dent IMG-20220716-WA0020.jpg</filename>
	<path>C:\Users\hirunisi\Desktop\dataset\train\dent IMG-20220716-WA0020.jpg</path>
	<source>
		<database>Unknown</database>
	</source>
	<size>
		<width>780</width>
		<height>1040</height>
		<depth>3</depth>
	</size>
	<segmented>0</segmented>
	<object>
		<name>right_side</name>
		<pose>Unspecified</pose>
		<truncated>0</truncated>
		<difficult>0</difficult>
		<bndbox>
			<xmin>6</xmin>
			<ymin>255</ymin>
			<xmax>501</xmax>
			<ymax>855</ymax>
		</bndbox>
	</object>
</annotation>
