<annotation>
	<folder>train</folder>
	<filename>Dented_19.jpg</filename>
	<path>C:\Users\hirunisi\Desktop\dataset\train\Dented_19.jpg</path>
	<source>
		<database>Unknown</database>
	</source>
	<size>
		<width>867</width>
		<height>1156</height>
		<depth>3</depth>
	</size>
	<segmented>0</segmented>
	<object>
		<name>right_side</name>
		<pose>Unspecified</pose>
		<truncated>1</truncated>
		<difficult>0</difficult>
		<bndbox>
			<xmin>1</xmin>
			<ymin>1</ymin>
			<xmax>552</xmax>
			<ymax>1121</ymax>
		</bndbox>
	</object>
</annotation>
