<annotation>
	<folder>train</folder>
	<filename>Dented_22.jpg</filename>
	<path>C:\Users\hirunisi\Desktop\dataset\train\Dented_22.jpg</path>
	<source>
		<database>Unknown</database>
	</source>
	<size>
		<width>958</width>
		<height>1280</height>
		<depth>3</depth>
	</size>
	<segmented>0</segmented>
	<object>
		<name>front_side</name>
		<pose>Unspecified</pose>
		<truncated>0</truncated>
		<difficult>0</difficult>
		<bndbox>
			<xmin>6</xmin>
			<ymin>125</ymin>
			<xmax>574</xmax>
			<ymax>936</ymax>
		</bndbox>
	</object>
	<object>
		<name>left_side</name>
		<pose>Unspecified</pose>
		<truncated>0</truncated>
		<difficult>0</difficult>
		<bndbox>
			<xmin>548</xmin>
			<ymin>165</ymin>
			<xmax>758</xmax>
			<ymax>924</ymax>
		</bndbox>
	</object>
</annotation>
