<annotation>
	<folder>train</folder>
	<filename>Hole_4.jpg</filename>
	<path>C:\Users\hirunisi\Desktop\dataset\train\Hole_4.jpg</path>
	<source>
		<database>Unknown</database>
	</source>
	<size>
		<width>1200</width>
		<height>1600</height>
		<depth>3</depth>
	</size>
	<segmented>0</segmented>
	<object>
		<name>rear_side</name>
		<pose>Unspecified</pose>
		<truncated>0</truncated>
		<difficult>0</difficult>
		<bndbox>
			<xmin>207</xmin>
			<ymin>326</ymin>
			<xmax>924</xmax>
			<ymax>1198</ymax>
		</bndbox>
	</object>
</annotation>
