<annotation>
	<folder>train</folder>
	<filename>HOLE IMG-20220624-WA0003.jpg</filename>
	<path>C:\Users\hirunisi\Desktop\dataset\train\HOLE IMG-20220624-WA0003.jpg</path>
	<source>
		<database>Unknown</database>
	</source>
	<size>
		<width>1600</width>
		<height>1201</height>
		<depth>3</depth>
	</size>
	<segmented>0</segmented>
	<object>
		<name>top_side</name>
		<pose>Unspecified</pose>
		<truncated>1</truncated>
		<difficult>0</difficult>
		<bndbox>
			<xmin>56</xmin>
			<ymin>309</ymin>
			<xmax>1600</xmax>
			<ymax>1012</ymax>
		</bndbox>
	</object>
</annotation>
