<annotation>
	<folder>train</folder>
	<filename>Hole_5.jpg</filename>
	<path>C:\Users\hirunisi\Desktop\dataset\train\Hole_5.jpg</path>
	<source>
		<database>Unknown</database>
	</source>
	<size>
		<width>1600</width>
		<height>1200</height>
		<depth>3</depth>
	</size>
	<segmented>0</segmented>
	<object>
		<name>rear_side</name>
		<pose>Unspecified</pose>
		<truncated>1</truncated>
		<difficult>0</difficult>
		<bndbox>
			<xmin>12</xmin>
			<ymin>504</ymin>
			<xmax>1600</xmax>
			<ymax>1200</ymax>
		</bndbox>
	</object>
	<object>
		<name>top_side</name>
		<pose>Unspecified</pose>
		<truncated>0</truncated>
		<difficult>0</difficult>
		<bndbox>
			<xmin>18</xmin>
			<ymin>37</ymin>
			<xmax>1587</xmax>
			<ymax>542</ymax>
		</bndbox>
	</object>
</annotation>
