<annotation>
	<folder>train</folder>
	<filename>Hole_1.jpg</filename>
	<path>C:\Users\hirunisi\Desktop\dataset\train\Hole_1.jpg</path>
	<source>
		<database>Unknown</database>
	</source>
	<size>
		<width>1024</width>
		<height>768</height>
		<depth>3</depth>
	</size>
	<segmented>0</segmented>
	<object>
		<name>top_side</name>
		<pose>Unspecified</pose>
		<truncated>1</truncated>
		<difficult>0</difficult>
		<bndbox>
			<xmin>1</xmin>
			<ymin>221</ymin>
			<xmax>1019</xmax>
			<ymax>664</ymax>
		</bndbox>
	</object>
</annotation>
