<annotation>
	<folder>train</folder>
	<filename>Hole_6.jpg</filename>
	<path>C:\Users\hirunisi\Desktop\dataset\train\Hole_6.jpg</path>
	<source>
		<database>Unknown</database>
	</source>
	<size>
		<width>705</width>
		<height>523</height>
		<depth>3</depth>
	</size>
	<segmented>0</segmented>
	<object>
		<name>right_side</name>
		<pose>Unspecified</pose>
		<truncated>0</truncated>
		<difficult>0</difficult>
		<bndbox>
			<xmin>18</xmin>
			<ymin>127</ymin>
			<xmax>672</xmax>
			<ymax>399</ymax>
		</bndbox>
	</object>
	<object>
		<name>top_side</name>
		<pose>Unspecified</pose>
		<truncated>0</truncated>
		<difficult>0</difficult>
		<bndbox>
			<xmin>13</xmin>
			<ymin>74</ymin>
			<xmax>667</xmax>
			<ymax>139</ymax>
		</bndbox>
	</object>
</annotation>
