<annotation>
	<folder>train</folder>
	<filename>IMG-20230112-WA0016.jpg</filename>
	<path>C:\Users\hirunisi\Desktop\dataset\train\IMG-20230112-WA0016.jpg</path>
	<source>
		<database>Unknown</database>
	</source>
	<size>
		<width>958</width>
		<height>1280</height>
		<depth>3</depth>
	</size>
	<segmented>0</segmented>
	<object>
		<name>top_side</name>
		<pose>Unspecified</pose>
		<truncated>0</truncated>
		<difficult>0</difficult>
		<bndbox>
			<xmin>12</xmin>
			<ymin>200</ymin>
			<xmax>552</xmax>
			<ymax>996</ymax>
		</bndbox>
	</object>
	<object>
		<name>left_side</name>
		<pose>Unspecified</pose>
		<truncated>0</truncated>
		<difficult>0</difficult>
		<bndbox>
			<xmin>553</xmin>
			<ymin>215</ymin>
			<xmax>856</xmax>
			<ymax>1024</ymax>
		</bndbox>
	</object>
</annotation>
