<annotation>
	<folder>train</folder>
	<filename>IMG-20230118-WA0013.jpg</filename>
	<path>C:\Users\hirunisi\Desktop\dataset\train\IMG-20230118-WA0013.jpg</path>
	<source>
		<database>Unknown</database>
	</source>
	<size>
		<width>1040</width>
		<height>780</height>
		<depth>3</depth>
	</size>
	<segmented>0</segmented>
	<object>
		<name>front_side</name>
		<pose>Unspecified</pose>
		<truncated>1</truncated>
		<difficult>0</difficult>
		<bndbox>
			<xmin>370</xmin>
			<ymin>161</ymin>
			<xmax>825</xmax>
			<ymax>780</ymax>
		</bndbox>
	</object>
	<object>
		<name>right_side</name>
		<pose>Unspecified</pose>
		<truncated>0</truncated>
		<difficult>0</difficult>
		<bndbox>
			<xmin>83</xmin>
			<ymin>157</ymin>
			<xmax>419</xmax>
			<ymax>775</ymax>
		</bndbox>
	</object>
</annotation>
