<annotation>
	<folder>train</folder>
	<filename>IMG-20230117-WA0032.jpg</filename>
	<path>C:\Users\hirunisi\Desktop\dataset\train\IMG-20230117-WA0032.jpg</path>
	<source>
		<database>Unknown</database>
	</source>
	<size>
		<width>1280</width>
		<height>720</height>
		<depth>3</depth>
	</size>
	<segmented>0</segmented>
	<object>
		<name>right_side</name>
		<pose>Unspecified</pose>
		<truncated>1</truncated>
		<difficult>0</difficult>
		<bndbox>
			<xmin>1</xmin>
			<ymin>85</ymin>
			<xmax>1038</xmax>
			<ymax>471</ymax>
		</bndbox>
	</object>
</annotation>
