<annotation>
	<folder>train</folder>
	<filename>IMG-20230117-WA0025.jpg</filename>
	<path>C:\Users\hirunisi\Desktop\dataset\train\IMG-20230117-WA0025.jpg</path>
	<source>
		<database>Unknown</database>
	</source>
	<size>
		<width>960</width>
		<height>1280</height>
		<depth>3</depth>
	</size>
	<segmented>0</segmented>
	<object>
		<name>right_side</name>
		<pose>Unspecified</pose>
		<truncated>1</truncated>
		<difficult>0</difficult>
		<bndbox>
			<xmin>1</xmin>
			<ymin>21</ymin>
			<xmax>941</xmax>
			<ymax>1275</ymax>
		</bndbox>
	</object>
</annotation>
