<annotation>
	<folder>train</folder>
	<filename>IMG-20230112-WA0019.jpg</filename>
	<path>C:\Users\hirunisi\Desktop\dataset\train\IMG-20230112-WA0019.jpg</path>
	<source>
		<database>Unknown</database>
	</source>
	<size>
		<width>1200</width>
		<height>1600</height>
		<depth>3</depth>
	</size>
	<segmented>0</segmented>
	<object>
		<name>left_side</name>
		<pose>Unspecified</pose>
		<truncated>0</truncated>
		<difficult>0</difficult>
		<bndbox>
			<xmin>616</xmin>
			<ymin>96</ymin>
			<xmax>1137</xmax>
			<ymax>1181</ymax>
		</bndbox>
	</object>
	<object>
		<name>front_side</name>
		<pose>Unspecified</pose>
		<truncated>0</truncated>
		<difficult>0</difficult>
		<bndbox>
			<xmin>89</xmin>
			<ymin>108</ymin>
			<xmax>691</xmax>
			<ymax>1150</ymax>
		</bndbox>
	</object>
</annotation>
