<annotation>
	<folder>train</folder>
	<filename>IMG-20230112-WA0018.jpg</filename>
	<path>C:\Users\hirunisi\Desktop\dataset\train\IMG-20230112-WA0018.jpg</path>
	<source>
		<database>Unknown</database>
	</source>
	<size>
		<width>1200</width>
		<height>1600</height>
		<depth>3</depth>
	</size>
	<segmented>0</segmented>
	<object>
		<name>left_side</name>
		<pose>Unspecified</pose>
		<truncated>1</truncated>
		<difficult>0</difficult>
		<bndbox>
			<xmin>706</xmin>
			<ymin>26</ymin>
			<xmax>1200</xmax>
			<ymax>1136</ymax>
		</bndbox>
	</object>
	<object>
		<name>front_side</name>
		<pose>Unspecified</pose>
		<truncated>1</truncated>
		<difficult>0</difficult>
		<bndbox>
			<xmin>179</xmin>
			<ymin>1</ymin>
			<xmax>721</xmax>
			<ymax>1141</ymax>
		</bndbox>
	</object>
</annotation>
