<annotation>
	<folder>train</folder>
	<filename>IMG-20230118-WA0012.jpg</filename>
	<path>C:\Users\hirunisi\Desktop\dataset\train\IMG-20230118-WA0012.jpg</path>
	<source>
		<database>Unknown</database>
	</source>
	<size>
		<width>780</width>
		<height>1040</height>
		<depth>3</depth>
	</size>
	<segmented>0</segmented>
	<object>
		<name>front_side</name>
		<pose>Unspecified</pose>
		<truncated>0</truncated>
		<difficult>0</difficult>
		<bndbox>
			<xmin>60</xmin>
			<ymin>194</ymin>
			<xmax>543</xmax>
			<ymax>841</ymax>
		</bndbox>
	</object>
	<object>
		<name>left_side</name>
		<pose>Unspecified</pose>
		<truncated>1</truncated>
		<difficult>0</difficult>
		<bndbox>
			<xmin>511</xmin>
			<ymin>193</ymin>
			<xmax>780</xmax>
			<ymax>870</ymax>
		</bndbox>
	</object>
</annotation>
