<annotation>
	<folder>train</folder>
	<filename>IMG-20230118-WA0019.jpg</filename>
	<path>C:\Users\hirunisi\Desktop\dataset\train\IMG-20230118-WA0019.jpg</path>
	<source>
		<database>Unknown</database>
	</source>
	<size>
		<width>1040</width>
		<height>780</height>
		<depth>3</depth>
	</size>
	<segmented>0</segmented>
	<object>
		<name>corner_post</name>
		<pose>Unspecified</pose>
		<truncated>1</truncated>
		<difficult>0</difficult>
		<bndbox>
			<xmin>258</xmin>
			<ymin>1</ymin>
			<xmax>787</xmax>
			<ymax>684</ymax>
		</bndbox>
	</object>
</annotation>
