<annotation>
	<folder>train</folder>
	<filename>IMG-20230117-WA0003.jpg</filename>
	<path>C:\Users\hirunisi\Desktop\dataset\train\IMG-20230117-WA0003.jpg</path>
	<source>
		<database>Unknown</database>
	</source>
	<size>
		<width>432</width>
		<height>554</height>
		<depth>3</depth>
	</size>
	<segmented>0</segmented>
	<object>
		<name>right_side</name>
		<pose>Unspecified</pose>
		<truncated>1</truncated>
		<difficult>0</difficult>
		<bndbox>
			<xmin>79</xmin>
			<ymin>51</ymin>
			<xmax>432</xmax>
			<ymax>528</ymax>
		</bndbox>
	</object>
</annotation>
