<annotation>
	<folder>train</folder>
	<filename>IMG-20230117-WA0002.jpg</filename>
	<path>C:\Users\hirunisi\Desktop\dataset\train\IMG-20230117-WA0002.jpg</path>
	<source>
		<database>Unknown</database>
	</source>
	<size>
		<width>902</width>
		<height>693</height>
		<depth>3</depth>
	</size>
	<segmented>0</segmented>
	<object>
		<name>left_side</name>
		<pose>Unspecified</pose>
		<truncated>0</truncated>
		<difficult>0</difficult>
		<bndbox>
			<xmin>21</xmin>
			<ymin>174</ymin>
			<xmax>876</xmax>
			<ymax>642</ymax>
		</bndbox>
	</object>
	<object>
		<name>top_side</name>
		<pose>Unspecified</pose>
		<truncated>1</truncated>
		<difficult>0</difficult>
		<bndbox>
			<xmin>26</xmin>
			<ymin>1</ymin>
			<xmax>902</xmax>
			<ymax>313</ymax>
		</bndbox>
	</object>
</annotation>
