<annotation>
	<folder>train</folder>
	<filename>IMG-20230114-WA0015.jpg</filename>
	<path>C:\Users\hirunisi\Desktop\dataset\train\IMG-20230114-WA0015.jpg</path>
	<source>
		<database>Unknown</database>
	</source>
	<size>
		<width>867</width>
		<height>1156</height>
		<depth>3</depth>
	</size>
	<segmented>0</segmented>
	<object>
		<name>front_side</name>
		<pose>Unspecified</pose>
		<truncated>1</truncated>
		<difficult>0</difficult>
		<bndbox>
			<xmin>337</xmin>
			<ymin>1</ymin>
			<xmax>852</xmax>
			<ymax>1093</ymax>
		</bndbox>
	</object>
	<object>
		<name>right_side</name>
		<pose>Unspecified</pose>
		<truncated>0</truncated>
		<difficult>0</difficult>
		<bndbox>
			<xmin>189</xmin>
			<ymin>24</ymin>
			<xmax>411</xmax>
			<ymax>1062</ymax>
		</bndbox>
	</object>
</annotation>
