<annotation>
	<folder>train</folder>
	<filename>IMG-20230111-WA0022.jpg</filename>
	<path>C:\Users\hirunisi\Desktop\dataset\train\IMG-20230111-WA0022.jpg</path>
	<source>
		<database>Unknown</database>
	</source>
	<size>
		<width>768</width>
		<height>1024</height>
		<depth>3</depth>
	</size>
	<segmented>0</segmented>
	<object>
		<name>front_side</name>
		<pose>Unspecified</pose>
		<truncated>0</truncated>
		<difficult>0</difficult>
		<bndbox>
			<xmin>28</xmin>
			<ymin>42</ymin>
			<xmax>436</xmax>
			<ymax>720</ymax>
		</bndbox>
	</object>
	<object>
		<name>left_side</name>
		<pose>Unspecified</pose>
		<truncated>0</truncated>
		<difficult>0</difficult>
		<bndbox>
			<xmin>393</xmin>
			<ymin>111</ymin>
			<xmax>757</xmax>
			<ymax>735</ymax>
		</bndbox>
	</object>
</annotation>
