<annotation>
	<folder>train</folder>
	<filename>IMG_9572.jpg</filename>
	<path>C:\Users\hirunisi\Desktop\dataset\train\IMG_9572.jpg</path>
	<source>
		<database>Unknown</database>
	</source>
	<size>
		<width>1024</width>
		<height>768</height>
		<depth>3</depth>
	</size>
	<segmented>0</segmented>
	<object>
		<name>corner_post</name>
		<pose>Unspecified</pose>
		<truncated>1</truncated>
		<difficult>0</difficult>
		<bndbox>
			<xmin>240</xmin>
			<ymin>1</ymin>
			<xmax>760</xmax>
			<ymax>686</ymax>
		</bndbox>
	</object>
</annotation>
