<annotation>
	<folder>train</folder>
	<filename>img_1 (39).jpg</filename>
	<path>C:\IIT\FYP\DataSet\dataset_severity_17.04.2023\train\img_1 (39).jpg</path>
	<source>
		<database>Unknown</database>
	</source>
	<size>
		<width>1600</width>
		<height>721</height>
		<depth>3</depth>
	</size>
	<segmented>0</segmented>
	<object>
		<name>moderate</name>
		<pose>Unspecified</pose>
		<truncated>0</truncated>
		<difficult>0</difficult>
		<bndbox>
			<xmin>768</xmin>
			<ymin>423</ymin>
			<xmax>864</xmax>
			<ymax>480</ymax>
		</bndbox>
	</object>
	<object>
		<name>moderate</name>
		<pose>Unspecified</pose>
		<truncated>0</truncated>
		<difficult>0</difficult>
		<bndbox>
			<xmin>447</xmin>
			<ymin>405</ymin>
			<xmax>592</xmax>
			<ymax>506</ymax>
		</bndbox>
	</object>
</annotation>
