<annotation>
	<folder>train</folder>
	<filename>img_1 (197).jpg</filename>
	<path>C:\IIT\FYP\DataSet\dataset_severity_17.04.2023\train\img_1 (197).jpg</path>
	<source>
		<database>Unknown</database>
	</source>
	<size>
		<width>1170</width>
		<height>2080</height>
		<depth>3</depth>
	</size>
	<segmented>0</segmented>
	<object>
		<name>minor</name>
		<pose>Unspecified</pose>
		<truncated>1</truncated>
		<difficult>0</difficult>
		<bndbox>
			<xmin>1</xmin>
			<ymin>1037</ymin>
			<xmax>572</xmax>
			<ymax>1455</ymax>
		</bndbox>
	</object>
	<object>
		<name>moderate</name>
		<pose>Unspecified</pose>
		<truncated>1</truncated>
		<difficult>0</difficult>
		<bndbox>
			<xmin>1</xmin>
			<ymin>419</ymin>
			<xmax>534</xmax>
			<ymax>930</ymax>
		</bndbox>
	</object>
</annotation>
