<annotation>
	<folder>train</folder>
	<filename>img_1 (305).jpg</filename>
	<path>C:\IIT\FYP\DataSet\dataset_severity_17.04.2023\train\img_1 (305).jpg</path>
	<source>
		<database>Unknown</database>
	</source>
	<size>
		<width>901</width>
		<height>1600</height>
		<depth>3</depth>
	</size>
	<segmented>0</segmented>
	<object>
		<name>severe</name>
		<pose>Unspecified</pose>
		<truncated>0</truncated>
		<difficult>0</difficult>
		<bndbox>
			<xmin>264</xmin>
			<ymin>423</ymin>
			<xmax>596</xmax>
			<ymax>620</ymax>
		</bndbox>
	</object>
	<object>
		<name>minor</name>
		<pose>Unspecified</pose>
		<truncated>0</truncated>
		<difficult>0</difficult>
		<bndbox>
			<xmin>203</xmin>
			<ymin>645</ymin>
			<xmax>774</xmax>
			<ymax>1257</ymax>
		</bndbox>
	</object>
</annotation>
