<annotation>
	<folder>train</folder>
	<filename>img_1 (145).jpg</filename>
	<path>C:\IIT\FYP\DataSet\dataset_severity_17.04.2023\train\img_1 (145).jpg</path>
	<source>
		<database>Unknown</database>
	</source>
	<size>
		<width>2080</width>
		<height>1560</height>
		<depth>3</depth>
	</size>
	<segmented>0</segmented>
	<object>
		<name>severe</name>
		<pose>Unspecified</pose>
		<truncated>0</truncated>
		<difficult>0</difficult>
		<bndbox>
			<xmin>361</xmin>
			<ymin>452</ymin>
			<xmax>434</xmax>
			<ymax>488</ymax>
		</bndbox>
	</object>
	<object>
		<name>minor</name>
		<pose>Unspecified</pose>
		<truncated>0</truncated>
		<difficult>0</difficult>
		<bndbox>
			<xmin>42</xmin>
			<ymin>847</ymin>
			<xmax>1389</xmax>
			<ymax>1015</ymax>
		</bndbox>
	</object>
</annotation>
