<annotation>
	<folder>train</folder>
	<filename>img_1 (3).JPG</filename>
	<path>C:\IIT\FYP\DataSet\dataset_severity_17.04.2023\train\img_1 (3).JPG</path>
	<source>
		<database>Unknown</database>
	</source>
	<size>
		<width>768</width>
		<height>1024</height>
		<depth>3</depth>
	</size>
	<segmented>0</segmented>
	<object>
		<name>severe</name>
		<pose>Unspecified</pose>
		<truncated>0</truncated>
		<difficult>0</difficult>
		<bndbox>
			<xmin>479</xmin>
			<ymin>136</ymin>
			<xmax>574</xmax>
			<ymax>183</ymax>
		</bndbox>
	</object>
</annotation>
