<annotation>
	<folder>train</folder>
	<filename>img_1 (221).jpg</filename>
	<path>C:\IIT\FYP\DataSet\dataset_severity_17.04.2023\train\img_1 (221).jpg</path>
	<source>
		<database>Unknown</database>
	</source>
	<size>
		<width>1040</width>
		<height>780</height>
		<depth>3</depth>
	</size>
	<segmented>0</segmented>
	<object>
		<name>moderate</name>
		<pose>Unspecified</pose>
		<truncated>0</truncated>
		<difficult>0</difficult>
		<bndbox>
			<xmin>712</xmin>
			<ymin>370</ymin>
			<xmax>840</xmax>
			<ymax>464</ymax>
		</bndbox>
	</object>
	<object>
		<name>minor</name>
		<pose>Unspecified</pose>
		<truncated>0</truncated>
		<difficult>0</difficult>
		<bndbox>
			<xmin>321</xmin>
			<ymin>401</ymin>
			<xmax>407</xmax>
			<ymax>500</ymax>
		</bndbox>
	</object>
	<object>
		<name>minor</name>
		<pose>Unspecified</pose>
		<truncated>0</truncated>
		<difficult>0</difficult>
		<bndbox>
			<xmin>378</xmin>
			<ymin>261</ymin>
			<xmax>717</xmax>
			<ymax>400</ymax>
		</bndbox>
	</object>
</annotation>
