<annotation>
	<folder>train</folder>
	<filename>img_1 (115).jpg</filename>
	<path>C:\IIT\FYP\DataSet\dataset_severity_17.04.2023\train\img_1 (115).jpg</path>
	<source>
		<database>Unknown</database>
	</source>
	<size>
		<width>780</width>
		<height>1040</height>
		<depth>3</depth>
	</size>
	<segmented>0</segmented>
	<object>
		<name>moderate</name>
		<pose>Unspecified</pose>
		<truncated>0</truncated>
		<difficult>0</difficult>
		<bndbox>
			<xmin>393</xmin>
			<ymin>306</ymin>
			<xmax>553</xmax>
			<ymax>615</ymax>
		</bndbox>
	</object>
	<object>
		<name>minor</name>
		<pose>Unspecified</pose>
		<truncated>0</truncated>
		<difficult>0</difficult>
		<bndbox>
			<xmin>42</xmin>
			<ymin>886</ymin>
			<xmax>437</xmax>
			<ymax>1026</ymax>
		</bndbox>
	</object>
</annotation>
