<annotation>
	<folder>train</folder>
	<filename>img_1 (246).jpg</filename>
	<path>C:\IIT\FYP\DataSet\dataset_severity_17.04.2023\train\img_1 (246).jpg</path>
	<source>
		<database>Unknown</database>
	</source>
	<size>
		<width>1600</width>
		<height>1200</height>
		<depth>3</depth>
	</size>
	<segmented>0</segmented>
	<object>
		<name>severe</name>
		<pose>Unspecified</pose>
		<truncated>0</truncated>
		<difficult>0</difficult>
		<bndbox>
			<xmin>490</xmin>
			<ymin>357</ymin>
			<xmax>708</xmax>
			<ymax>602</ymax>
		</bndbox>
	</object>
	<object>
		<name>severe</name>
		<pose>Unspecified</pose>
		<truncated>0</truncated>
		<difficult>0</difficult>
		<bndbox>
			<xmin>154</xmin>
			<ymin>388</ymin>
			<xmax>207</xmax>
			<ymax>441</ymax>
		</bndbox>
	</object>
</annotation>
