<annotation>
	<folder>train</folder>
	<filename>img_1 (159).jpg</filename>
	<path>C:\IIT\FYP\DataSet\dataset_severity_17.04.2023\train\img_1 (159).jpg</path>
	<source>
		<database>Unknown</database>
	</source>
	<size>
		<width>2080</width>
		<height>1170</height>
		<depth>3</depth>
	</size>
	<segmented>0</segmented>
	<object>
		<name>severe</name>
		<pose>Unspecified</pose>
		<truncated>0</truncated>
		<difficult>0</difficult>
		<bndbox>
			<xmin>209</xmin>
			<ymin>712</ymin>
			<xmax>377</xmax>
			<ymax>893</ymax>
		</bndbox>
	</object>
</annotation>
