<annotation>
	<folder>train</folder>
	<filename>img_1 (26).jpg</filename>
	<path>C:\IIT\FYP\DataSet\dataset_severity_17.04.2023\train\img_1 (26).jpg</path>
	<source>
		<database>Unknown</database>
	</source>
	<size>
		<width>768</width>
		<height>1024</height>
		<depth>3</depth>
	</size>
	<segmented>0</segmented>
	<object>
		<name>moderate</name>
		<pose>Unspecified</pose>
		<truncated>0</truncated>
		<difficult>0</difficult>
		<bndbox>
			<xmin>524</xmin>
			<ymin>801</ymin>
			<xmax>638</xmax>
			<ymax>886</ymax>
		</bndbox>
	</object>
	<object>
		<name>minor</name>
		<pose>Unspecified</pose>
		<truncated>0</truncated>
		<difficult>0</difficult>
		<bndbox>
			<xmin>436</xmin>
			<ymin>656</ymin>
			<xmax>498</xmax>
			<ymax>879</ymax>
		</bndbox>
	</object>
	<object>
		<name>minor</name>
		<pose>Unspecified</pose>
		<truncated>0</truncated>
		<difficult>0</difficult>
		<bndbox>
			<xmin>42</xmin>
			<ymin>809</ymin>
			<xmax>157</xmax>
			<ymax>898</ymax>
		</bndbox>
	</object>
	<object>
		<name>minor</name>
		<pose>Unspecified</pose>
		<truncated>0</truncated>
		<difficult>0</difficult>
		<bndbox>
			<xmin>325</xmin>
			<ymin>653</ymin>
			<xmax>383</xmax>
			<ymax>842</ymax>
		</bndbox>
	</object>
</annotation>
